samples,step,train_acc@1,train_acc@1_q0,train_acc@1_q1,train_acc@1_q2,train_acc@1_q3,train_acc@5,train_acc@5_q0,train_acc@5_q1,train_acc@5_q2,train_acc@5_q3,train_loss,train_loss_q0,train_loss_q1,train_loss_q2,train_loss_q3,val_acc@1,val_acc@1_q0,val_acc@1_q1,val_acc@1_q2,val_acc@1_q3,val_acc@5,val_acc@5_q0,val_acc@5_q1,val_acc@5_q2,val_acc@5_q3,val_loss,val_loss_q0,val_loss_q1,val_loss_q2,val_loss_q3,grad_norm,param_norm
32,0,0.0,0.0,0.0,0.0,0.0,0.0,0.0,0.0,0.0,0.0,6.942981719970703,6.945610904693604,6.9285490036010735,6.961546685960559,6.926632722218832,0.0,0.0,0.0,0.0,0.0,0.0,0.0,0.0,0.0,0.0,6.9810791015625,6.989623705546061,6.969482600688934,6.97652530670166,6.97764310836792,,
352,10,0.0,0.0,0.0,0.0,0.0,0.0,0.0,0.0,0.0,0.0,6.932037782669068,6.933315521478651,6.923384012320101,6.943591802260458,6.9267222045303924,0.0,0.0,0.0,0.0,0.0,0.0,0.0,0.0,0.0,0.0,7.381143808364868,7.339924109609505,7.395811307997931,7.399441083272299,7.403443866305881,31.054458146298387,147.18600771333487
672,20,0.0,0.0,0.0,0.0,0.0,0.003125,0.0,0.0,0.011627906976744182,0.0,6.9422571659088135,6.909977844783238,6.953328193762361,6.96616480516833,6.942531204223634,0.0,0.0,0.0,0.0,0.0,0.0,0.0,0.0,0.0,0.0,7.0531885623931885,7.047056531906128,7.039667810712542,7.051927066984631,7.084167957305908,2.408578554147414,147.21320133952736
992,30,0.0,0.0,0.0,0.0,0.0,0.0,0.0,0.0,0.0,0.0,6.922175264358521,6.93656128492111,6.9080452702262125,6.931522330722295,6.915046161413193,0.0,0.0,0.0,0.0,0.0,0.0,0.0,0.0,0.0,0.0,7.009742736816406,7.014917009017047,7.0057687025803785,7.009463866551717,7.007788211107255,1.0978514278606204,147.2548326496104
1312,40,0.003125,0.0,0.0,0.0,0.010638297872340424,0.003125,0.0,0.0,0.0,0.010638297872340424,6.91502857208252,6.919943048840477,6.905470727284748,6.929427894193736,6.907999363351378,0.0,0.0,0.0,0.0,0.0,0.0,0.0,0.0,0.0,0.0,7.020658493041992,7.012642582257589,7.021126985549927,7.020607089996338,7.037621714852073,0.873139911469269,147.3018512132909
1632,50,0.0,0.0,0.0,0.0,0.0,0.003125,0.0,0.0,0.0,0.0119047619047619,6.91693754196167,6.927975828583179,6.924411767568343,6.896683715638657,6.920526408013842,0.0,0.0,0.0,0.0,0.0,0.0,0.0,0.0,0.0,0.0,7.039124011993408,7.012082417805988,7.031337159020561,7.03170379002889,7.067477464675903,0.8308091514940856,147.3479024719996
1952,60,0.0,0.0,0.0,0.0,0.0,0.003125,0.0,0.0,0.0,0.011235955056179775,6.921094894409181,6.905217749731881,6.920050891962916,6.916795822039039,6.9381411155957835,0.0,0.0,0.0,0.0,0.0,0.0,0.0,0.0,0.0,0.0,7.039240837097168,7.029475084940592,7.027522140079076,7.042007226210374,7.057100004620023,0.8810611456613675,147.38804691266682
2272,70,0.0,0.0,0.0,0.0,0.0,0.015625,0.0,0.028169014084507043,0.013513513513513514,0.022727272727272728,6.916795969009399,6.913198832807868,6.9180236668653885,6.928962353113537,6.90913036736575,0.0,0.0,0.0,0.0,0.0,0.0,0.0,0.0,0.0,0.0,7.0220627784729,7.012679548824536,7.00445213317871,7.023594260215761,7.040003243614645,0.7744368662352772,147.41994350620683
2592,80,0.00625,0.01282051282051282,0.0,0.01136363636363636,0.0,0.009375000000000001,0.01282051282051282,0.0,0.022727272727272728,0.0,6.905355215072632,6.8957305810390395,6.897311680937466,6.912166324528777,6.914473274607717,0.0,0.0,0.0,0.0,0.0,0.0,0.0,0.0,0.0,0.0,7.005776882171631,6.9871171315511065,7.002106273875517,7.017875168058606,7.022186712785201,0.6766338350128526,147.44474278000038
2912,90,0.003125,0.0,0.0,0.0,0.0125,0.00625,0.0,0.014705882352941176,0.0,0.0125,6.918777990341187,6.907007848062824,6.903131274616021,6.9299053723299044,6.934772616624832,0.0,0.0,0.0,0.0,0.0,0.0,0.0,0.0,0.0,0.0,7.008686542510986,6.994682669639587,7.002392321825027,7.010085850954056,7.021005129814147,0.5994484010425231,147.4658834080651
3232,100,0.003125,0.0,0.0,0.011363636363636364,0.0,0.0125,0.012658227848101262,0.0,0.022727272727272728,0.012658227848101266,6.911805343627929,6.922736916360977,6.912878158930184,6.90270659056577,6.910004060479656,0.0,0.0,0.0,0.0,0.0,0.0,0.0,0.0,0.0,0.0,6.983549118041992,6.977474125948819,6.982511456807455,6.975682623246136,6.993840058644613,0.5481651227977273,147.48574028735274
3552,110,0.0,0.0,0.0,0.0,0.0,0.0,0.0,0.0,0.0,0.0,6.914832496643067,6.900530832359591,6.927085059029717,6.908014509412977,6.927078396933422,0.0,0.0,0.0,0.0,0.0,0.0,0.0,0.0,0.0,0.0,6.952778577804565,6.96210044225057,6.95341101936672,6.9416184425354,6.955197668075561,0.5049241321152431,147.50429810457143
3872,120,0.003125,0.0,0.0,0.0,0.012048192771084333,0.00625,0.0,0.014285714285714285,0.0,0.012048192771084333,6.909592819213867,6.912075020285213,6.911925322668894,6.912855282062436,6.9018601969064015,0.0,0.0,0.0,0.0,0.0,0.0,0.0,0.0,0.0,0.0,6.922159433364868,6.936136526219985,6.9198857756222,6.91491719296104,6.916581544009121,0.4715593940121755,147.52091531154204
4192,130,0.003125,0.0,0.012048192771084333,0.0,0.0,0.009375,0.027777777777777776,0.012048192771084333,0.0,0.0,6.906829261779785,6.908690916167368,6.90729674948267,6.903406819781744,6.907713350358898,0.0,0.0,0.0,0.0,0.0,0.0,0.0,0.0,0.0,0.0,6.909269571304321,6.922279143333434,6.910057646887643,6.9008922179539995,6.899786339865791,0.48626051466832776,147.53494940555694
4512,140,0.0,0.0,0.0,0.0,0.0,0.003125,0.0,0.0,0.0,0.012195121951219507,6.906336212158203,6.913237034435004,6.909011363983156,6.903072886414583,6.901502993048691,0.0,0.0,0.0,0.0,0.0,0.0,0.0,0.0,0.0,0.0,6.906783580780029,6.919200825691224,6.914943835314583,6.894615503457878,6.8904341629573285,0.500393194203439,147.54560325268864
4832,150,0.0,0.0,0.0,0.0,0.0,0.0,0.0,0.0,0.0,0.0,6.915383958816529,6.912496159716348,6.926402858540982,6.914015273525292,6.9091775140096985,0.0,0.0,0.0,0.0,0.0,0.0,0.0,0.0,0.0,0.0,6.888556480407715,6.905337333679199,6.896070582526071,6.881704893979159,6.875028678349087,0.5431594500310002,147.556322683829
5152,160,0.0,0.0,0.0,0.0,0.0,0.00625,0.012987012987012984,0.0,0.012658227848101266,0.0,6.915908908843994,6.909806734555727,6.9285721434168055,6.908764591699911,6.91570121270639,0.0,0.0,0.0,0.0,0.0,0.0,0.0,0.0,0.0,0.0,6.704953193664551,6.678580840428673,6.687451015819203,6.708740430719712,6.738444142871432,0.9758754975075938,147.56953948229352
5472,170,0.0,0.0,0.0,0.0,0.0,0.00625,0.011764705882352941,0.011111111111111108,0.0,0.0,6.9131844997406,6.893297919105087,6.906152158313322,6.944498151143395,6.912824017660957,0.0,0.0,0.0,0.0,0.0,0.0,0.0,0.0,0.0,0.0,6.798839807510376,6.749422772725423,6.783854267813942,6.85890431404114,6.7824402120378275,1.9098329868210309,147.58659771358117
5792,180,0.0,0.0,0.0,0.0,0.0,0.0,0.0,0.0,0.0,0.0,6.930008840560913,6.907377961315686,6.893522037548965,6.959450575021597,6.967018791147183,0.0,0.0,0.0,0.0,0.0,0.0,0.0,0.0,0.0,0.0,6.759238958358765,6.840453052520751,6.817974376678467,6.694486029007856,6.642195224761963,1.442967882855118,147.60830154958558
6112,190,0.0,0.0,0.0,0.0,0.0,0.009375,0.013157894736842103,0.011764705882352938,0.0,0.01136363636363636,6.921664237976074,6.912005380580299,6.922721565470976,6.924313357178591,6.926847327839245,0.0,0.0,0.0,0.0,0.0,0.0,0.0,0.0,0.0,0.0,6.7710676193237305,6.870908164978027,6.8414655012242935,6.732378426720112,6.694195604324341,1.3978485627477393,147.63526348908573
6432,200,0.0,0.0,0.0,0.0,0.0,0.003125,0.0,0.01136363636363636,0.0,0.0,6.911589097976684,6.942519060770669,6.906858455051076,6.87448742078698,6.919050411744554,0.0,0.0,0.0,0.0,0.0,0.0,0.0,0.0,0.0,0.0,6.910473823547363,6.934385640280587,6.952007321750417,6.885374943415324,6.845685720443726,1.2379243929262003,147.66326993230527
6752,210,0.0,0.0,0.0,0.0,0.0,0.009375,0.014492753623188403,0.0,0.013157894736842103,0.009803921568627449,6.929024934768677,6.944841730421866,6.965375273195031,6.923919602444295,6.896114087572284,0.0,0.0,0.0,0.0,0.0,0.0,0.0,0.0,0.0,0.0,6.995298862457275,6.987984691347395,6.991210720755839,7.007573517886075,6.998671223135555,1.5103172983308544,147.69344545901467
7072,220,0.0,0.0,0.0,0.0,0.0,0.003125,0.0,0.0,0.011363636363636364,0.0,6.949242639541627,6.9283338026566925,6.952015346950959,6.95986093716188,6.9600525810605,0.0,0.0,0.0,0.0,0.0,0.0,0.0,0.0,0.0,0.0,6.998971462249756,7.0105833411216745,7.009611248970032,6.992596599790786,6.981736762183053,1.5436832522066066,147.72173364596995
7392,230,0.003125,0.0,0.011904761904761904,0.0,0.0,0.009375,0.0,0.023809523809523808,0.012048192771084338,0.0,6.943587970733643,6.980697891447277,6.947428374063402,6.907733423164089,6.932689651610361,0.0,0.0,0.0,0.0,0.0,0.0,0.0,0.0,0.0,0.0,6.926378011703491,6.952407977160285,6.934230065345762,6.902260494232177,6.906562089920044,1.2455275131322832,147.7450936765099
7712,240,0.0,0.0,0.0,0.0,0.0,0.0,0.0,0.0,0.0,0.0,6.911458587646486,6.924176776731336,6.908802098865749,6.888856043686738,6.921580109544977,0.0,0.0,0.0,0.0,0.0,0.0,0.0,0.0,0.0,0.0,6.848505020141602,6.869918376207352,6.852188565514305,6.849960033710185,6.814461487990159,1.0950558964385868,147.7671882170032
8032,250,0.0,0.0,0.0,0.0,0.0,0.003125,0.0,0.0,0.012820512820512818,0.0,6.921398401260377,6.903009403835643,6.9265414656025115,6.917130537522147,6.9408512763035155,0.0,0.0,0.0,0.0,0.0,0.0,0.0,0.0,0.0,0.0,6.8170812129974365,6.836006760597229,6.823586177825928,6.815905514885397,6.793306529521942,1.062750517551076,147.789562952275
8352,260,0.003125,0.0,0.012345679012345678,0.0,0.0,0.009375,0.013157894736842103,0.012345679012345678,0.0,0.012048192771084333,6.932256698608398,6.937537086637399,6.938875575124484,6.928648197650908,6.924440573496989,0.0,0.0,0.0,0.0,0.0,0.0,0.0,0.0,0.0,0.0,6.76213002204895,6.762972513834635,6.770122736692428,6.762360827128092,6.75413131713867,1.1062036595680356,147.80568302977719
8672,270,0.0,0.0,0.0,0.0,0.0,0.003125,0.0,0.0,0.0,0.013698630136986299,6.922617816925048,6.915543214012597,6.933380864387337,6.925499596093832,6.915175842912227,0.0,0.0,0.0,0.0,0.0,0.0,0.0,0.0,0.0,0.0,6.74223518371582,6.746577231089274,6.742933836850253,6.742325332429672,6.7385129690170285,1.2085631342290455,147.81700916143558
8992,280,0.0,0.0,0.0,0.0,0.0,0.003125,0.0,0.0,0.0,0.010638297872340424,6.9270730972290036,6.915725593566891,6.918873124652438,6.953853067804556,6.926599284435843,0.0,0.0,0.0,0.0,0.0,0.0,0.0,0.0,0.0,0.0,6.761005401611328,6.770194816589355,6.769167011434382,6.737626893179757,6.753318095207215,1.1441868000145108,147.82606521944854
9312,290,0.0,0.0,0.0,0.0,0.0,0.00625,0.0,0.015384615384615382,0.013333333333333334,0.0,6.933113813400269,6.92352304458618,6.932454996842602,6.930932439168294,6.946261400334973,0.0,0.0,0.0,0.0,0.0,0.0,0.0,0.0,0.0,0.0,6.786967039108276,6.798552227020264,6.792723767897662,6.781028551213881,6.775587081909181,0.9924788358569832,147.83327850041047
9632,300,0.003125,0.0,0.013157894736842103,0.0,0.0,0.00625,0.0,0.026315789473684206,0.0,0.0,6.913978815078736,6.897585711828094,6.9114129606046175,6.938068322574392,6.907376444184937,0.0,0.0,0.0,0.0,0.0,0.0,0.0,0.0,0.0,0.0,6.79035210609436,6.807239502668382,6.8006462335586555,6.779575858797346,6.767121519361224,0.8459854317591049,147.8403239126376
9952,310,0.0,0.0,0.0,0.0,0.0,0.0,0.0,0.0,0.0,0.0,6.9080983161926275,6.895911566818814,6.906133775357847,6.919474475685205,6.9099088564311,0.0,0.0,0.0,0.0,0.0,0.0,0.0,0.0,0.0,0.0,6.800127983093262,6.824010531107585,6.801385101519133,6.79360744688246,6.78472546168736,0.7490260756407939,147.84606066345304
10272,320,0.003125,0.0,0.0,0.0,0.012820512820512818,0.003125,0.0,0.0,0.0,0.012820512820512818,6.921586656570434,6.888225024854634,6.930170559883116,6.936859178019093,6.925332711293146,0.0,0.0,0.0,0.0,0.0,0.0,0.0,0.0,0.0,0.0,6.836411237716675,6.8535237312316895,6.848519529615129,6.829455752121775,6.821976158354017,0.6625360455380821,147.85151916731166
10592,330,0.003125,0.0,0.010989010989010986,0.0,0.0,0.009375000000000001,0.0,0.010989010989010986,0.0,0.02531645569620253,6.904239797592163,6.91593547094436,6.895210585751378,6.9209787160500715,6.886879739882075,0.0,0.0,0.0,0.0,0.0,0.0,0.0,0.0,0.0,0.0,6.861979961395264,6.879216103326707,6.866309558644016,6.841457770420956,6.848997923044058,0.5795918104729397,147.85608544691488
10912,340,0.0,0.0,0.0,0.0,0.0,0.009375000000000001,0.02040816326530612,0.0,0.012987012987012988,0.0,6.910567045211792,6.912056918046915,6.89996284328095,6.918700626918245,6.910592185126411,0.0,0.0,0.0,0.0,0.0,0.0,0.0,0.0,0.0,0.0,6.874610424041748,6.8965121905008955,6.885996103286743,6.8685658528254585,6.858679647031036,0.4956628737527703,147.8580943554296
11232,350,0.0,0.0,0.0,0.0,0.0,0.003125,0.0,0.0,0.012499999999999995,0.0,6.9111930370330805,6.904215952929329,6.923984600438011,6.918594908714297,6.900108153561511,0.0,0.0,0.0,0.0,0.0,0.0,0.0,0.0,0.0,0.0,6.8787736892700195,6.9025866985321045,6.880029360453288,6.866304011571974,6.864785121037411,0.43960998639671234,147.85984506566422
11552,360,0.003125,0.0,0.013157894736842103,0.0,0.0,0.00625,0.0,0.013157894736842103,0.0,0.012987012987012984,6.914048290252685,6.912873012263601,6.906694932987814,6.910442823522233,6.926537445613316,0.0,0.0,0.0,0.0,0.0,0.0,0.0,0.0,0.0,0.0,6.87959623336792,6.900441884994506,6.8759260177612305,6.865929126739501,6.8744307431307705,0.47066537034291955,147.8616624055428
11872,370,0.00625,0.024691358024691357,0.0,0.0,0.0,0.00625,0.024691358024691357,0.0,0.0,0.0,6.91028709411621,6.894990090970641,6.919055714326746,6.921382918286681,6.907417149379333,0.0,0.0,0.0,0.0,0.0,0.0,0.0,0.0,0.0,0.0,6.86983585357666,6.89531267606295,6.863938923539788,6.863456181117467,6.86097639799118,0.41566190607598497,147.86271116071543
12192,380,0.0,0.0,0.0,0.0,0.0,0.0,0.0,0.0,0.0,0.0,6.908424615859985,6.9056373664310975,6.914153453631277,6.904596706013103,6.9104493980977075,0.0,0.0,0.0,0.0,0.0,0.0,0.0,0.0,0.0,0.0,6.85318922996521,6.871846357981364,6.854983834659352,6.8476308186848955,6.839837691363165,0.42083741289429266,147.86261764154588
12512,390,0.003125,0.012048192771084333,0.0,0.0,0.0,0.00625,0.012048192771084333,0.012658227848101262,0.0,0.0,6.910864210128784,6.906840048640606,6.904094985768767,6.912084516726042,6.920327739017763,0.0,0.0,0.0,0.0,0.0,0.0,0.0,0.0,0.0,0.0,6.842163324356079,6.872236490249635,6.841363072395326,6.828875154256821,6.824434942669338,0.40798048517888874,147.8619237059336
12832,400,0.003125,0.0,0.012048192771084333,0.0,0.0,0.009375000000000001,0.0,0.024096385542168676,0.011904761904761904,0.0,6.898377418518065,6.902428621533275,6.893681198717604,6.896802397001357,6.90094770084728,0.0,0.0,0.0,0.0,0.0,0.0,0.0,0.0,0.0,0.0,6.829685211181641,6.860711362626818,6.831218338012697,6.807102203369141,6.806881745656332,0.4437746988044221,147.8619207475988
13152,410,0.003125,0.0,0.0136986301369863,0.0,0.0,0.00625,0.0,0.0136986301369863,0.0,0.012820512820512818,6.907553434371948,6.905162483133294,6.912996533798841,6.900255447939818,6.912420768004195,0.0,0.0,0.0,0.0,0.0,0.0,0.0,0.0,0.0,0.0,6.81437611579895,6.8464904785156255,6.828049945831299,6.790769723745493,6.780594706535339,0.4486502461995172,147.8621373091514
13472,420,0.00625,0.022222222222222223,0.0,0.0,0.0,0.009375,0.022222222222222223,0.0,0.0,0.0136986301369863,6.912174272537232,6.909093597200181,6.9146932394076615,6.90798867503299,6.9178106621520135,0.0,0.0,0.0,0.0,0.0,0.0,0.0,0.0,0.0,0.0,6.788593769073486,6.834583585912531,6.801020724432809,6.77856119055497,6.7641319990158095,0.4465890515998479,147.86241285048888
13792,430,0.003125,0.0,0.0,0.0,0.012345679012345675,0.009375,0.01282051282051282,0.012658227848101262,0.0,0.012345679012345675,6.911967086791991,6.9069316142644634,6.9113661065886305,6.9151338251625605,6.914195955535511,0.0,0.0,0.0,0.0,0.0,0.0,0.0,0.0,0.0,0.0,6.792302846908569,6.833751778853564,6.796950006484986,6.761230741228376,6.773303349812826,0.46243029391298185,147.8626586211908
14112,440,0.0,0.0,0.0,0.0,0.0,0.00625,0.012820512820512818,0.0119047619047619,0.0,0.0,6.907411432266235,6.912534725971709,6.906069244657245,6.909845492419074,6.902384747399226,0.0,0.0,0.0,0.0,0.0,0.0,0.0,0.0,0.0,0.0,6.788537502288818,6.831382711728413,6.789117097854616,6.757113742828369,6.773099149976458,0.44392017919705296,147.86262191093098
14432,450,0.00625,0.0,0.026666666666666665,0.0,0.0,0.012500000000000004,0.010989010989010986,0.026666666666666665,0.010989010989010986,0.0,6.909166049957275,6.916710408179316,6.899494482676184,6.906095562400399,6.9142177596924785,0.0,0.0,0.0,0.0,0.0,0.0,0.0,0.0,0.0,0.0,6.778656005859375,6.815055298805238,6.774936040242514,6.755256652832031,6.75993013381958,0.43815485424506884,147.86204033516066
14752,460,0.0,0.0,0.0,0.0,0.0,0.00625,0.0,0.026666666666666665,0.0,0.0,6.9113123416900635,6.911525228521328,6.907536131540933,6.923060911893845,6.9021765734698315,0.0,0.0,0.0,0.0,0.0,0.0,0.0,0.0,0.0,0.0,6.763871431350708,6.786691581501679,6.76295825054771,6.7575702985127775,6.742634553175706,0.45037447695486416,147.8587172848056
15072,470,0.0,0.0,0.0,0.0,0.0,0.003125,0.0,0.0,0.0,0.011363636363636364,6.905404901504516,6.911155468539186,6.908839788329733,6.906940139941317,6.895795058120381,0.0,0.0,0.0,0.0,0.0,0.0,0.0,0.0,0.0,0.0,6.765225648880005,6.794267912705739,6.765191334944505,6.74326137134007,6.73529683626615,0.44008726982159213,147.8543634883738
15392,480,0.003125,0.0,0.012820512820512818,0.0,0.0,0.003125,0.0,0.012820512820512818,0.0,0.0,6.907472896575928,6.91400146484375,6.901568638972746,6.914111310785467,6.900732775295476,0.0,0.0,0.0,0.0,0.0,0.0,0.0,0.0,0.0,0.0,6.758396863937378,6.79455702645438,6.7720977558809174,6.733556334177655,6.738032950295343,0.4378949551967449,147.84955348592416
15712,490,0.003125,0.0,0.0,0.0,0.010989010989010986,0.00625,0.0,0.0,0.0,0.02197802197802198,6.908779859542847,6.9014553427696255,6.908540449946764,6.901657400709206,6.920603013300634,0.0,0.0,0.0,0.0,0.0,0.0,0.0,0.0,0.0,0.0,6.75179648399353,6.787275094252367,6.756173224676226,6.736164656552402,6.731733924464175,0.4364239128340506,147.84410963370672
16032,500,0.0,0.0,0.0,0.0,0.0,0.003125,0.0,0.0,0.0,0.011764705882352941,6.911059093475343,6.904374296014959,6.915726368685801,6.911216684977211,6.912418152304259,0.0,0.0,0.0,0.0,0.0,0.03125,0.0,0.0,0.0,0.16666666666666666,6.7327704429626465,6.77243937764849,6.74511906975194,6.717085185803865,6.6917736530303955,0.4161351483211774,147.83921092851776
16352,510,0.0,0.0,0.0,0.0,0.0,0.00625,0.0,0.02666666666666667,0.0,0.0,6.909013175964356,6.915350675582886,6.899082679748535,6.9180902831162046,6.9028593214546765,0.0,0.0,0.0,0.0,0.0,0.078125,0.0,0.0,0.05263157894736842,0.3076923076923077,6.732503414154053,6.7729403495788585,6.745550910631816,6.70644742564151,6.696330804091234,0.4210356143803935,147.83488497143895
16672,520,0.00625,0.0,0.012820512820512818,0.011111111111111108,0.0,0.009375,0.0,0.012820512820512818,0.011111111111111108,0.012658227848101266,6.907963752746581,6.899310040147337,6.910387509908435,6.909622817569307,6.911677064774912,0.0,0.0,0.0,0.0,0.0,0.3125,0.0,0.15789473684210523,0.5,0.6923076923076923,6.723466873168945,6.76837632060051,6.7243430238021045,6.701088488101959,6.69445540354802,0.42102534302479955,147.83038435176496
16992,530,0.0,0.0,0.0,0.0,0.0,0.003125,0.0,0.0,0.0,0.011111111111111112,6.911034679412841,6.900345020824011,6.913271270386161,6.913724585140451,6.915231927235923,0.0,0.0,0.0,0.0,0.0,0.34375,0.09090909090909091,0.21428571428571427,0.39130434782608714,0.5625,6.709913015365601,6.762233387340199,6.729996408735003,6.694966254026992,6.677855134010313,0.4293620376824193,147.82583220583444
17312,540,0.003125,0.0,0.0,0.0119047619047619,0.0,0.009375,0.015625,0.0,0.0119047619047619,0.01351351351351351,6.903448677062988,6.917959727346897,6.896676491717903,6.89789371263413,6.906172223993249,0.0,0.0,0.0,0.0,0.0,0.453125,0.15,0.36363636363636376,0.6470588235294118,0.6875,6.70357608795166,6.75062062740326,6.707038662650368,6.677769857294419,6.669809252023697,0.4400399981094584,147.82192230848224
17632,550,0.003125,0.014705882352941173,0.0,0.0,0.0,0.003125,0.014705882352941173,0.0,0.0,0.0,6.9153705596923825,6.910563153379105,6.924655179416436,6.915816128253934,6.909023248696627,0.0,0.0,0.0,0.0,0.0,0.21875,0.0,0.23529411764705888,0.35714285714285726,0.4166666666666667,6.712570667266846,6.748310997372582,6.710959686952478,6.679360049111502,6.691053986549377,0.44439378814066977,147.81864547677003
17952,560,0.003125,0.0,0.0,0.0,0.012658227848101266,0.009375,0.0,0.0,0.012658227848101262,0.02531645569620253,6.90409779548645,6.906043640772505,6.898756424585977,6.917257809940774,6.893589134457743,0.0,0.0,0.0,0.0,0.0,0.0,0.0,0.0,0.0,0.0,6.712456226348877,6.763876650068495,6.722825050354004,6.688281167637218,6.701817732590896,0.45045597056160325,147.81560184580002
18272,570,0.0,0.0,0.0,0.0,0.0,0.0,0.0,0.0,0.0,0.0,6.9122035026550295,6.930071849822998,6.912823350805984,6.895499217941102,6.91219452370045,0.0,0.0,0.0,0.0,0.0,0.0,0.0,0.0,0.0,0.0,6.718078374862671,6.761750024907729,6.710950586530897,6.703667110866971,6.6971346855163585,0.4374358080469517,147.8129314280935
18592,580,0.0,0.0,0.0,0.0,0.0,0.0,0.0,0.0,0.0,0.0,6.91577000617981,6.904165403409439,6.911022145071147,6.922449667313523,6.928466804099804,0.0,0.0,0.0,0.0,0.0,0.0,0.0,0.0,0.0,0.0,6.733130216598511,6.770437387319712,6.74853796117446,6.701909240923431,6.722881380716959,0.4358276686907594,147.80996463214038
18912,590,0.003125,0.0,0.0,0.010309278350515464,0.0,0.003125,0.0,0.0,0.010309278350515464,0.0,6.916080284118651,6.914772426759873,6.90012119993379,6.924535598951516,6.923757382801601,0.0,0.0,0.0,0.0,0.0,0.0,0.0,0.0,0.0,0.0,6.758548736572266,6.792968217064352,6.756911436716716,6.746399109180157,6.737358068165027,0.42451686667983246,147.806652805098
19232,600,0.003125,0.0,0.0,0.0,0.011111111111111108,0.003125,0.0,0.0,0.0,0.011111111111111108,6.913818407058716,6.9152536521086825,6.921606440293163,6.915789532661441,6.904309452904592,0.0,0.0,0.0,0.0,0.0,0.0,0.0,0.0,0.0,0.0,6.76937460899353,6.803306359511155,6.779302328824995,6.748094490596226,6.754992326100669,0.40332346501382843,147.80329738428355
19552,610,0.0,0.0,0.0,0.0,0.0,0.00625,0.0,0.0,0.0,0.025974025974025976,6.91745343208313,6.905886849841556,6.922466798832542,6.918943743551931,6.921821049281527,0.0,0.0,0.0,0.0,0.0,0.0,0.0,0.0,0.0,0.0,6.772892713546753,6.809638063112894,6.778206382478988,6.7634648523832634,6.755197198767411,0.40814003624819467,147.79978763014114
19872,620,0.0,0.0,0.0,0.0,0.0,0.00625,0.0,0.010989010989010986,0.0,0.013157894736842105,6.911099290847779,6.896410317648025,6.910215204888647,6.922998186470805,6.917589996990407,0.0,0.0,0.0,0.0,0.0,0.0,0.0,0.0,0.0,0.0,6.795253276824951,6.81837722990248,6.789695629706751,6.782482332653471,6.787646452585856,0.4081791182581203,147.7963887958209
20192,630,0.0,0.0,0.0,0.0,0.0,0.003125,0.0,0.0,0.011764705882352938,0.0,6.910093450546264,6.917231522597271,6.902671255716463,6.905989125195673,6.915460417145177,0.0,0.0,0.0,0.0,0.0,0.0,0.0,0.0,0.0,0.0,6.802271604537964,6.824991650051541,6.806024439194623,6.780638274024515,6.793522477149963,0.3818110183024543,147.7922395328929
20512,640,0.0,0.0,0.0,0.0,0.0,0.003125,0.0,0.014285714285714282,0.0,0.0,6.908539962768554,6.905576586723328,6.926367936815531,6.8944742854048595,6.910617285966872,0.0,0.0,0.0,0.0,0.0,0.0,0.0,0.0,0.0,0.0,6.800880670547485,6.843930101394653,6.802968740463258,6.78205354590165,6.765936597188314,0.3738490903035537,147.78722607621518
20832,650,0.0,0.0,0.0,0.0,0.0,0.00625,0.0,0.011764705882352938,0.012195121951219507,0.0,6.9151798248291,6.903236477874048,6.908562884611242,6.92302888777198,6.92929796674358,0.0,0.0,0.0,0.0,0.0,0.0,0.0,0.0,0.0,0.0,6.807936191558838,6.846972836388481,6.826293349266054,6.7533065478007,6.773928866666908,0.39883061756833116,147.78251093037937
21152,660,0.0,0.0,0.0,0.0,0.0,0.003125,0.0,0.012987012987012988,0.0,0.0,6.904579401016235,6.904764905760563,6.882971596408197,6.930960064842588,6.897494471073152,0.0,0.0,0.0,0.0,0.0,0.0,0.0,0.0,0.0,0.0,6.81627345085144,6.841722700330946,6.823235750198364,6.794741803949529,6.787472321436954,0.3787221039717882,147.7783053320353
21472,670,0.003125,0.0,0.0,0.0,0.013157894736842103,0.003125,0.0,0.0,0.0,0.013157894736842103,6.915556335449219,6.911702138831816,6.921547068170751,6.925724384112236,6.902787007783589,0.0,0.0,0.0,0.0,0.0,0.0,0.0,0.0,0.0,0.0,6.8227410316467285,6.858418083190918,6.818620238985334,6.808591008186342,6.809776051839192,0.3690147083315506,147.77409008043773
21792,680,0.0,0.0,0.0,0.0,0.0,0.003125,0.0,0.0,0.012048192771084333,0.0,6.908986186981201,6.916583196440738,6.919222837024266,6.890241485044178,6.910555130243303,0.0,0.0,0.0,0.0,0.0,0.0,0.0,0.0,0.0,0.0,6.848101854324341,6.886571986334664,6.842123776674271,6.831782386416481,6.840391966012808,0.3698196471522379,147.7697326367448
22112,690,0.0,0.0,0.0,0.0,0.0,0.003125,0.0,0.011111111111111108,0.0,0.0,6.911216878890991,6.910983079274493,6.907387897703385,6.905252511950506,6.920212956361991,0.0,0.0,0.0,0.0,0.0,0.0,0.0,0.0,0.0,0.0,6.852287292480469,6.879516321070053,6.8537285923957825,6.829887277939741,6.84477686882019,0.36540097193443244,147.76599253140535
22432,700,0.0,0.0,0.0,0.0,0.0,0.003125,0.0,0.0,0.0,0.012048192771084333,6.9067543983459485,6.904702335209041,6.910636510167803,6.907909104698586,6.903672356203379,0.0,0.0,0.0,0.0,0.0,0.0,0.0,0.0,0.0,0.0,6.846079587936401,6.8893170697348465,6.851987031789925,6.828788201014199,6.82655964399639,0.3626840052182257,147.76189674698313
22752,710,0.0,0.0,0.0,0.0,0.0,0.003125,0.0,0.0119047619047619,0.0,0.0,6.9092692852020265,6.915007617738512,6.9048540705726245,6.905136485432471,6.913283824920652,0.0,0.0,0.0,0.0,0.0,0.0,0.0,0.0,0.0,0.0,6.85167932510376,6.8859869956970226,6.851562857627869,6.834122021993001,6.819299844595104,0.38231435970142236,147.7578870675959
23072,720,0.003125,0.012658227848101262,0.0,0.0,0.0,0.00625,0.012658227848101262,0.012499999999999995,0.0,0.0,6.905306482315064,6.896897243548045,6.897952932119374,6.914411086785166,6.911902590358958,0.0,0.0,0.0,0.0,0.0,0.0,0.0,0.0,0.0,0.0,6.843283653259277,6.875945936549793,6.855953375498453,6.826821910010445,6.815602885352241,0.3568752395156707,147.75369633435702
23392,730,0.0,0.0,0.0,0.0,0.0,0.015625000000000007,0.01282051282051282,0.0,0.010416666666666664,0.04347826086956521,6.910088205337525,6.908371717501909,6.907183362292003,6.916250030199686,6.906697107397987,0.0,0.0,0.0,0.0,0.0,0.0,0.0,0.0,0.0,0.0,6.816837310791016,6.860282611846924,6.82868853482333,6.795294880867004,6.795004701614379,0.3519996486247018,147.74883737469702
23712,740,0.00625,0.016129032258064512,0.0,0.0,0.011363636363636364,0.0125,0.032258064516129024,0.0,0.0,0.022727272727272728,6.907081508636474,6.894905636387488,6.9154939135989615,6.909859339396158,6.905555009841917,0.0,0.0,0.0,0.0,0.0,0.0,0.0,0.0,0.0,0.0,6.8140363693237305,6.8520969390869135,6.8218405511644145,6.787174642086029,6.795262559254964,0.3629502108035204,147.74413922856854
24032,750,0.003125,0.0,0.013157894736842103,0.0,0.0,0.00625,0.0,0.013157894736842103,0.0,0.010309278350515464,6.908712530136108,6.922912804285686,6.911556676814433,6.905219763174825,6.9008336165516635,0.0,0.0,0.0,0.0,0.0,0.0,0.0,0.0,0.0,0.0,6.812213659286499,6.84809347987175,6.820477644602458,6.8004779517650595,6.773994513920376,0.3831456136049688,147.73959891153862
24352,760,0.0,0.0,0.0,0.0,0.0,0.003125,0.013513513513513514,0.0,0.0,0.0,6.904014968872071,6.904568324217924,6.906760977374182,6.893662028842503,6.910466024952549,0.0,0.0,0.0,0.0,0.0,0.0,0.0,0.0,0.0,0.0,6.816580057144165,6.866370173061595,6.8331365287303925,6.785988616943358,6.775800943374634,0.34938278478744267,147.73613872187258
24672,770,0.0,0.0,0.0,0.0,0.0,0.00625,0.011904761904761904,0.0,0.014925373134328354,0.0,6.9108428955078125,6.909513087499709,6.911315568657807,6.902629247352258,6.918328986110454,0.0,0.0,0.0,0.0,0.0,0.0,0.0,0.0,0.0,0.0,6.814371347427368,6.8492714166641235,6.826449366176831,6.759414434432983,6.7899675369262695,0.35837023240985344,147.7323814504444
24992,780,0.003125,0.0,0.0,0.0,0.013698630136986299,0.0125,0.0,0.023255813953488372,0.011235955056179773,0.013698630136986299,6.906803226470948,6.905077960756092,6.91199661410132,6.893640764643639,6.918434325962849,0.0,0.0,0.0,0.0,0.0,0.0,0.0,0.0,0.0,0.0,6.813446044921875,6.854134758313497,6.825224876403809,6.804394671791479,6.78116351366043,0.35650304742732875,147.72806869231738
25312,790,0.0,0.0,0.0,0.0,0.0,0.009375000000000001,0.01351351351351351,0.012820512820512818,0.01282051282051282,0.0,6.914142322540283,6.9168103707803255,6.910895359821807,6.905036785663702,6.9226542843712675,0.0,0.0,0.0,0.0,0.0,0.0,0.0,0.0,0.0,0.0,6.8078453540802,6.853552716118949,6.800037690571377,6.807450175285339,6.781631517410277,0.3621258907674859,147.72342464654224
25632,800,0.003125,0.0,0.0,0.013888888888888886,0.0,0.00625,0.0,0.0,0.013888888888888886,0.013888888888888888,6.906482887268067,6.900398609114857,6.905182173911563,6.908383939001293,6.913209146923487,0.0,0.0,0.0,0.0,0.0,0.0,0.0,0.0,0.0,0.0,6.818016529083252,6.853870272636414,6.827346688225157,6.813016706042818,6.776771802168627,0.35107872321430145,147.7195857433371
25952,810,0.0,0.0,0.0,0.0,0.0,0.003125,0.0,0.0,0.014285714285714282,0.0,6.90473132133484,6.908598481155025,6.892099937760688,6.90384158406939,6.9140676161822165,0.0,0.0,0.0,0.0,0.0,0.0,0.0,0.0,0.0,0.0,6.8119916915893555,6.853408084196203,6.810719609260559,6.800060653686523,6.786500287055971,0.3607255015230612,147.71525995978692
26272,820,0.0,0.0,0.0,0.0,0.0,0.0,0.0,0.0,0.0,0.0,6.905769920349121,6.8980316985143375,6.906051912090998,6.907602534236678,6.910874893790796,0.0,0.0,0.0,0.0,0.0,0.0,0.0,0.0,0.0,0.0,6.817033290863037,6.858800888061523,6.819861555099487,6.806140286581856,6.785158407120478,0.3636972775310158,147.7100549536224
26592,830,0.0,0.0,0.0,0.0,0.0,0.0125,0.024691358024691357,0.012195121951219513,0.011363636363636364,0.0,6.90802116394043,6.908880622298626,6.90545721170379,6.908092905174604,6.909967823304991,0.0,0.0,0.0,0.0,0.0,0.0,0.0,0.0,0.0,0.0,6.82296347618103,6.85406084060669,6.847320683797201,6.797425818443297,6.800029924937657,0.3663327470802916,147.70453041174926
26912,840,0.0,0.0,0.0,0.0,0.0,0.00625,0.013333333333333334,0.012658227848101262,0.0,0.0,6.912306785583497,6.910124549865724,6.918372932868669,6.914395138069437,6.906603959027453,0.0,0.0,0.0,0.0,0.0,0.0,0.0,0.0,0.0,0.0,6.820741415023804,6.855364259084066,6.847505541408762,6.815532656276927,6.761688582102458,0.36553749679810343,147.69938890378899
27232,850,0.0,0.0,0.0,0.0,0.0,0.003125,0.0,0.0,0.0,0.011363636363636364,6.9089335918426515,6.899081075695199,6.90417283290141,6.924906314104453,6.905094959519129,0.0,0.0,0.0,0.0,0.0,0.0,0.0,0.0,0.0,0.0,6.829461336135864,6.8653834395938445,6.823222500937324,6.82653079032898,6.787741820017497,0.37920680602547724,147.6957448074273
27552,860,0.0,0.0,0.0,0.0,0.0,0.009375000000000001,0.012658227848101266,0.0,0.025,0.0,6.907331657409668,6.8986696412291675,6.91971980132066,6.9015313208103155,6.909646312395733,0.0,0.0,0.0,0.0,0.0,0.0,0.0,0.0,0.0,0.0,6.839895725250244,6.8759934425354,6.8558843400743275,6.839750395880805,6.808862057599153,0.37895635406948325,147.69386475533247
27872,870,0.0,0.0,0.0,0.0,0.0,0.009375000000000003,0.010869565217391302,0.0,0.0,0.03448275862068964,6.907146358489991,6.900592741758925,6.915659940242764,6.908436679840091,6.90379650839444,0.0,0.0,0.0,0.0,0.0,0.0,0.0,0.0,0.0,0.0,6.865219593048096,6.8934844090388365,6.874626289714467,6.847955647636862,6.841811776161194,0.37873085152041097,147.69170637572876
28192,880,0.0,0.0,0.0,0.0,0.0,0.003125,0.0,0.0,0.0,0.012987012987012988,6.909429645538331,6.903303611278534,6.903941769753731,6.909644951139179,6.9222266828859,0.0,0.0,0.0,0.0,0.0,0.0,0.0,0.0,0.0,0.0,6.871048927307129,6.89055739916288,6.881493091583251,6.868089410993788,6.8451608975728355,0.3805933242580052,147.6883651908235
28512,890,0.0,0.0,0.0,0.0,0.0,0.0,0.0,0.0,0.0,0.0,6.913782072067261,6.911277166632722,6.904549417041597,6.922036275471728,6.9188272674362405,0.0,0.0,0.0,0.0,0.0,0.0,0.0,0.0,0.0,0.0,6.866471767425537,6.898000633015353,6.873309748513359,6.855581873939151,6.832885980606081,0.379430956499906,147.68512578525375
28832,900,0.0,0.0,0.0,0.0,0.0,0.003125,0.0,0.01333333333333333,0.0,0.0,6.904784870147705,6.913481846833844,6.914513085683187,6.89732027735029,6.895656492292266,0.0,0.0,0.0,0.0,0.0,0.0,0.0,0.0,0.0,0.0,6.878169536590576,6.89480499120859,6.8952690442403135,6.881030464172365,6.845044791698457,0.385093618716396,147.68235805405257
29152,910,0.0,0.0,0.0,0.0,0.0,0.0,0.0,0.0,0.0,0.0,6.9062396526336665,6.909451705653491,6.89759375498845,6.904571545429717,6.91571056670037,0.0,0.0,0.0,0.0,0.0,0.0,0.0,0.0,0.0,0.0,6.889100074768066,6.899664815266927,6.902878501198509,6.883961412641738,6.848086410098606,0.3736951723862788,147.68003002890615
29472,920,0.0,0.0,0.0,0.0,0.0,0.003125,0.0,0.0,0.0,0.01351351351351351,6.912642478942871,6.911060400498221,6.909281355611396,6.932174628293965,6.897500740515216,0.0,0.0,0.0,0.0,0.0,0.0,0.0,0.0,0.0,0.0,6.893662929534912,6.915704594718086,6.9047384526994495,6.886177236383611,6.86344045751235,0.3923185654103615,147.67749473997168
29792,930,0.0,0.0,0.0,0.0,0.0,0.0,0.0,0.0,0.0,0.0,6.907326650619507,6.911696340726771,6.905613696738465,6.909500776193081,6.9015278382734815,0.0,0.0,0.0,0.0,0.0,0.0,0.0,0.0,0.0,0.0,6.902014493942261,6.913861322402953,6.916555987464057,6.892992669885809,6.875384712219237,0.38546728731157853,147.67453708818311
30112,940,0.0,0.0,0.0,0.0,0.0,0.0,0.0,0.0,0.0,0.0,6.905393838882446,6.89962902883204,6.901960446284368,6.91555713444221,6.904203023665993,0.0,0.0,0.0,0.0,0.0,0.0,0.0,0.0,0.0,0.0,6.924387454986572,6.951398491859436,6.928980708122253,6.918389190327035,6.887016820907593,0.38803574968830823,147.6731638974618
30432,950,0.0,0.0,0.0,0.0,0.0,0.00625,0.014084507042253521,0.011764705882352941,0.0,0.0,6.907061100006103,6.910400934622323,6.892835375841925,6.909324864307083,6.916742136448992,0.0,0.0,0.0,0.0,0.0,0.0,0.0,0.0,0.0,0.0,6.9399919509887695,6.97221590677897,6.939826512336731,6.928939212452281,6.906152452741351,0.3754765206056422,147.67319533614324
30752,960,0.0,0.0,0.0,0.0,0.0,0.003125,0.010526315789473682,0.0,0.0,0.0,6.9143899917602525,6.917196605080054,6.911116500399004,6.91189483948696,6.916400091988697,0.0,0.0,0.0,0.0,0.0,0.0,0.0,0.0,0.0,0.0,6.961048603057861,6.975538303977565,6.974131166934967,6.95039930343628,6.941147101552862,0.40164762825132916,147.67369516400012
31072,970,0.003125,0.014925373134328354,0.0,0.0,0.0,0.00625,0.014925373134328354,0.0,0.0,0.01098901098901099,6.911364364624023,6.906249914596328,6.904224996981414,6.910302023733814,6.92162894154643,0.0,0.0,0.0,0.0,0.0,0.0,0.0,0.0,0.0,0.0,6.949006795883179,6.961875319480896,6.9590417279137515,6.952023824055989,6.928990188397859,0.3734588625964109,147.67259556081356
31392,980,0.0,0.0,0.0,0.0,0.0,0.00625,0.0,0.013888888888888888,0.011363636363636364,0.0,6.908432149887085,6.917236393148247,6.906499909030066,6.902133351022551,6.907302167680529,0.0,0.0,0.0,0.0,0.0,0.0,0.0,0.0,0.0,0.0,6.950217962265015,6.975110960006714,6.961169242858886,6.931384950876236,6.933214743932089,0.365995857220922,147.67021962485126
31712,990,0.003125,0.0,0.0,0.0,0.013888888888888886,0.003125,0.0,0.0,0.0,0.013888888888888886,6.906675004959107,6.907122590075963,6.910926669476983,6.915084893886862,6.89212244086795,0.0,0.0,0.0,0.0,0.0,0.0,0.0,0.0,0.0,0.0,6.940977573394775,6.947689882914227,6.955896125120275,6.937867691642359,6.918268717252292,0.34880963767499573,147.66629103121124
32032,1000,0.0,0.0,0.0,0.0,0.0,0.00625,0.014492753623188403,0.0,0.0,0.011627906976744186,6.909295320510863,6.906650487927425,6.911326351165769,6.9066306855943465,6.912434821905092,0.0,0.0,0.0,0.0,0.0,0.0,0.0,0.0,0.0,0.0,6.921849727630615,6.940155176016001,6.940557986497878,6.915238492629107,6.898243241839938,0.3430092103868835,147.65983709946107
32352,1010,0.003125,0.0,0.0,0.0,0.013157894736842103,0.003125,0.0,0.0,0.0,0.013157894736842103,6.909180164337157,6.905724359362312,6.908521420077273,6.907508922528621,6.915623162922106,0.0,0.0,0.0,0.0,0.0,0.0,0.0,0.0,0.0,0.0,6.923640251159668,6.9390956560770665,6.93757180372874,6.91704621911049,6.897891362508138,0.33109236132148046,147.65321143394004
32672,1020,0.0,0.0,0.0,0.0,0.0,0.003125,0.0,0.0,0.014084507042253518,0.0,6.907887268066406,6.905245751142502,6.9043664503633275,6.9051499769721225,6.916875058412559,0.0,0.0,0.0,0.0,0.0,0.0,0.0,0.0,0.0,0.0,6.9146177768707275,6.93016815185547,6.932545764105661,6.907032306377705,6.89378068447113,0.33868439644108295,147.6484749079177
32992,1030,0.0,0.0,0.0,0.0,0.0,0.0,0.0,0.0,0.0,0.0,6.908219909667969,6.907083619208561,6.908149839956546,6.910721865567296,6.907074135541915,0.0,0.0,0.0,0.0,0.0,0.0,0.0,0.0,0.0,0.0,6.917303562164307,6.930255174636841,6.918555736541748,6.92487228833712,6.898177832365036,0.3330197019578983,147.64464554471024
33312,1040,0.0,0.0,0.0,0.0,0.0,0.0,0.0,0.0,0.0,0.0,6.90824236869812,6.918554979562763,6.907029506487724,6.908359038829802,6.899221379582475,0.0,0.0,0.0,0.0,0.0,0.0,0.0,0.0,0.0,0.0,6.9185707569122314,6.927669544219971,6.932416534423828,6.902810176213582,6.898069580396015,0.34270027999022573,147.6410420349721
33632,1050,0.0,0.0,0.0,0.0,0.0,0.00625,0.0,0.0,0.011904761904761904,0.0136986301369863,6.912631654739379,6.918079939233253,6.906715387105941,6.91680116312844,6.908122905313148,0.0,0.0,0.0,0.0,0.0,0.0,0.0,0.0,0.0,0.0,6.908961057662964,6.929536283016205,6.9102723598480225,6.899406210581462,6.8949964205424,0.3317122181385958,147.63623971119705
33952,1060,0.0,0.0,0.0,0.0,0.0,0.0,0.0,0.0,0.0,0.0,6.903293943405152,6.911900278727211,6.901732611965824,6.903148871596144,6.896470750172932,0.0,0.0,0.0,0.0,0.0,0.0,0.0,0.0,0.0,0.0,6.910391092300415,6.933910118906122,6.919104706157337,6.907738417387009,6.88259784380595,0.33446081682677287,147.63160875570688
34272,1070,0.0,0.0,0.0,0.0,0.0,0.003125,0.0,0.0,0.01098901098901099,0.0,6.912659692764282,6.91251008351644,6.911713638305665,6.912408682016227,6.91398935680148,0.0,0.0,0.0,0.0,0.0,0.0,0.0,0.0,0.0,0.0,6.902966260910034,6.918094485998153,6.922680267920861,6.891821725027903,6.886665412357876,0.335893092376516,147.6275302608692
34592,1080,0.0,0.0,0.0,0.0,0.0,0.0,0.0,0.0,0.0,0.0,6.912818908691406,6.9071338597465965,6.9111273148480565,6.9081862597238475,6.924715932593289,0.0,0.0,0.0,0.0,0.0,0.0,0.0,0.0,0.0,0.0,6.902057647705078,6.915956497192383,6.912136654059093,6.887210170427958,6.8857634862264,0.3409070965238473,147.62326086767618
34912,1090,0.0,0.0,0.0,0.0,0.0,0.0,0.0,0.0,0.0,0.0,6.912484979629516,6.909849777454284,6.91341151661343,6.910854788713675,6.916886452705635,0.0,0.0,0.0,0.0,0.0,0.0,0.0,0.0,0.0,0.0,6.897599935531616,6.918270985285441,6.905424785614014,6.888080914815267,6.877851661882902,0.3425565237320146,147.61822145111992
35232,1100,0.0,0.0,0.0,0.0,0.0,0.003125,0.0,0.0,0.0,0.012048192771084338,6.910688257217407,6.911852045492693,6.9188304825832985,6.899799836825017,6.911574829055599,0.0,0.0,0.0,0.0,0.0,0.0,0.0,0.0,0.0,0.0,6.898090600967407,6.917536835921437,6.903882528606213,6.888338529146635,6.870955907381498,0.33689492592279496,147.6129476721999
35552,1110,0.003125,0.012048192771084338,0.0,0.0,0.0,0.009375,0.012048192771084338,0.0,0.02857142857142857,0.0,6.907784843444825,6.906883067395314,6.896485414003073,6.897963666915894,6.93328145477507,0.0,0.0,0.0,0.0,0.0,0.0,0.0,0.0,0.0,0.0,6.889911651611328,6.919519607837383,6.905193182138296,6.875819683074951,6.873531682150705,0.3452750878342582,147.608374529875
35872,1120,0.003125,0.0,0.0,0.0,0.012658227848101262,0.00625,0.0,0.0,0.0,0.02531645569620253,6.91001033782959,6.9110337404104385,6.906373568943567,6.916723085004228,6.905236884008482,0.0,0.0,0.0,0.0,0.0,0.0,0.0,0.0,0.0,0.0,6.895642518997192,6.909765982627869,6.901451269785561,6.883747386932375,6.86738908290863,0.3390047434304241,147.60388655285476
36192,1130,0.00625,0.0,0.0,0.012345679012345675,0.0125,0.0125,0.0,0.0,0.012345679012345675,0.0375,6.906107091903685,6.902100137301855,6.9090460840861025,6.915714099083415,6.897832190990446,0.0,0.0,0.0,0.0,0.0,0.0,0.0,0.0,0.0,0.0,6.888517379760742,6.909202992916108,6.899883050184982,6.8813339032624885,6.867128103971481,0.3540261396587362,147.60007352831184
36512,1140,0.0,0.0,0.0,0.0,0.0,0.0,0.0,0.0,0.0,0.0,6.9080352783203125,6.897755720676523,6.904149679490076,6.911536411572529,6.919666760108049,0.0,0.0,0.0,0.0,0.0,0.0,0.0,0.0,0.0,0.0,6.889228105545044,6.899912516276044,6.90134607042585,6.8750913739204425,6.8763179412254924,0.3530866981949006,147.59743359946253
36832,1150,0.0,0.0,0.0,0.0,0.0,0.0,0.0,0.0,0.0,0.0,6.91388030052185,6.914261611732279,6.916576218892293,6.916327252800079,6.908390527818258,0.0,0.0,0.0,0.0,0.0,0.0,0.0,0.0,0.0,0.0,6.887240409851074,6.896881262461344,6.893439393294485,6.890944229929069,6.865537745612007,0.373005324712714,147.59444068080285
37152,1160,0.003125,0.0,0.0,0.014705882352941173,0.0,0.003125,0.0,0.0,0.014705882352941173,0.0,6.900300312042236,6.897504346711295,6.897388219833378,6.902735927525687,6.903205856680871,0.0,0.0,0.0,0.0,0.0,0.0,0.0,0.0,0.0,0.0,6.868455648422241,6.873156815767287,6.884059243732029,6.864204910066391,6.845158656438193,0.3895583229541609,147.59042594258142
37472,1170,0.0,0.0,0.0,0.0,0.0,0.003125,0.0,0.012048192771084338,0.0,0.0,6.903331279754639,6.91198271590394,6.910533422447111,6.891114567455491,6.899337848027547,0.0,0.0,0.0,0.0,0.0,0.0,0.0,0.0,0.0,0.0,6.8426666259765625,6.8537401258945465,6.841104745864867,6.841401611055646,6.835196283128526,0.4142652721030542,147.5856858450905
37792,1180,0.0,0.0,0.0,0.0,0.0,0.00625,0.01333333333333333,0.0,0.0,0.011111111111111112,6.911578702926636,6.912006530761717,6.920885757163721,6.900416863931196,6.912024052937825,0.0,0.0,0.0,0.0,0.0,0.0,0.0,0.0,0.0,0.0,6.797300100326538,6.8093954136497095,6.809090495109559,6.789286494255066,6.768880367279053,0.4460241327966452,147.58045801452798
38112,1190,0.0,0.0,0.0,0.0,0.0,0.0,0.0,0.0,0.0,0.0,6.9138391494750975,6.913488917880589,6.893215306599933,6.933203585736164,6.920135021209716,0.0,0.0,0.0,0.0,0.0,0.0,0.0,0.0,0.0,0.0,6.764035940170288,6.782914373609755,6.776787858260306,6.764685238108916,6.741760881323563,0.5316607635237199,147.5754042872598
38432,1200,0.003125,0.0,0.0,0.012048192771084333,0.0,0.003125,0.0,0.0,0.012048192771084333,0.0,6.916695737838745,6.908943388197156,6.955338405840322,6.902596485183902,6.90833779970805,0.0,0.0,0.0,0.0,0.0,0.0,0.0,0.0,0.0,0.0,6.6837263107299805,6.701438860459761,6.6971117019653335,6.6680677731831866,6.6706482115246,0.7823002306836024,147.57010729389816
38752,1210,0.0,0.0,0.0,0.0,0.0,0.0,0.0,0.0,0.0,0.0,6.920427656173707,6.914689057493864,6.90305645569511,6.927479170681388,6.931550856386675,0.0,0.0,0.0,0.0,0.0,0.0,0.0,0.0,0.0,0.0,6.696566343307495,6.720216380225289,6.6976561265833245,6.6865246079184795,6.678024450937908,0.9723819179174596,147.566563292225
39072,1220,0.0,0.0,0.0,0.0,0.0,0.003125,0.0,0.012987012987012988,0.0,0.0,6.923831033706665,6.916009074763248,6.935996712028208,6.920970145566963,6.9225454219552,0.0,0.0,0.0,0.0,0.0,0.0,0.0,0.0,0.0,0.0,6.696895599365234,6.71501340184893,6.705126166343689,6.68956983089447,6.679836102894374,0.6656363984416109,147.56311258883173
39392,1230,0.0,0.0,0.0,0.0,0.0,0.00625,0.0,0.024096385542168666,0.0,0.0,6.920160293579102,6.91860011078063,6.88370435783662,6.9510101445515975,6.930969794591268,0.0,0.0,0.0,0.0,0.0,0.0,0.0,0.0,0.0,0.0,6.7006309032440186,6.729762037595113,6.699731550718609,6.687980930010478,6.6920264561971035,0.544888879451775,147.5598366881867
39712,1240,0.0,0.0,0.0,0.0,0.0,0.00625,0.0,0.0,0.01333333333333333,0.0125,6.909023141860962,6.920701305071511,6.896090607584258,6.899614270528157,6.918675893545152,0.0,0.0,0.0,0.0,0.0,0.0,0.0,0.0,0.0,0.0,6.700630187988281,6.7214218510521775,6.710690438747407,6.691775395320012,6.675918242510626,0.5071913221342139,147.55810656507475
40032,1250,0.0,0.0,0.0,0.0,0.0,0.003125,0.0,0.014925373134328354,0.0,0.0,6.921001291275024,6.914014397086678,6.920425144594107,6.9312996239889255,6.918556763575627,0.0,0.0,0.0,0.0,0.0,0.0,0.0,0.0,0.0,0.0,6.71453857421875,6.723279149908768,6.7291285441471995,6.703015840970553,6.703699413098787,0.44671355559243564,147.55853611729805
40352,1260,0.0,0.0,0.0,0.0,0.0,0.003125,0.0,0.0,0.0,0.012658227848101262,6.902219581604004,6.914605096181232,6.91391601332699,6.903161531471347,6.87718238709848,0.0,0.0,0.0,0.0,0.0,0.0,0.0,0.0,0.0,0.0,6.736851692199707,6.74582973279451,6.740850224214442,6.736565017700196,6.718831905951867,0.40755111103600916,147.5603742518485
40672,1270,0.0,0.0,0.0,0.0,0.0,0.003125,0.011494252873563215,0.0,0.0,0.0,6.9091939449310305,6.917941488068682,6.887879153092701,6.911783759186906,6.916298962846588,0.0,0.0,0.0,0.0,0.0,0.0,0.0,0.0,0.0,0.0,6.740735054016113,6.749287843704225,6.749516927278958,6.7411792808108855,6.725498508004583,0.3817796938749093,147.5629756135829
40992,1280,0.0,0.0,0.0,0.0,0.0,0.0,0.0,0.0,0.0,0.0,6.91325421333313,6.921658176115189,6.919729866558992,6.89075504478655,6.919243843127518,0.0,0.0,0.0,0.0,0.0,0.0,0.0,0.0,0.0,0.0,6.752554893493652,6.753992795944212,6.744323205947875,6.752936059778387,6.76268507884099,0.36693529598174046,147.5664199953425
41312,1290,0.0,0.0,0.0,0.0,0.0,0.003125,0.0,0.0,0.012345679012345675,0.0,6.911087703704834,6.907463981680675,6.905999246850072,6.904460271199545,6.925830795104244,0.0,0.0,0.0,0.0,0.0,0.0,0.0,0.0,0.0,0.0,6.763894319534302,6.768556982278824,6.766895939322079,6.746283721923828,6.766297794523694,0.40543045299600045,147.57016091335606
41632,1300,0.0,0.0,0.0,0.0,0.0,0.003125,0.0,0.0,0.0125,0.0,6.9102296352386485,6.916567635226563,6.913195744538918,6.902097421884537,6.909420198552748,0.0,0.0,0.0,0.0,0.0,0.0,0.0,0.0,0.0,0.0,6.778038740158081,6.780297886241566,6.775689710270275,6.7673360600191,6.792950732367381,0.39023023702356263,147.5754226630016
41952,1310,0.0,0.0,0.0,0.0,0.0,0.003125,0.0,0.0,0.0,0.013698630136986299,6.915055131912231,6.9128902479149845,6.921093663503959,6.914438157468228,6.911146640777589,0.0,0.0,0.0,0.0,0.0,0.0,0.0,0.0,0.0,0.0,6.7790021896362305,6.7970536736881035,6.785288143157959,6.770652502775192,6.762279748916624,0.3958937487075357,147.579199511555
42272,1320,0.0,0.0,0.0,0.0,0.0,0.009375,0.03999999999999999,0.0,0.0,0.0,6.917743062973022,6.913375752766927,6.918931128373788,6.914893255605323,6.922370599047972,0.0,0.0,0.0,0.0,0.0,0.0,0.0,0.0,0.0,0.0,6.79413628578186,6.807216717646672,6.7931859652201325,6.80501313643022,6.783118724822998,0.3979690210301319,147.58338241842472
42592,1330,0.003125,0.0,0.0,0.0,0.012048192771084333,0.00625,0.0,0.0,0.0,0.024096385542168676,6.915640687942505,6.91695378507887,6.913531935214997,6.921435277755945,6.911247655569793,0.0,0.0,0.0,0.0,0.0,0.0,0.0,0.0,0.0,0.0,6.791340112686157,6.8024182955424,6.798012524843215,6.787186950445175,6.779194523306455,0.3883869854340775,147.58692668524878
42912,1340,0.0,0.0,0.0,0.0,0.0,0.00625,0.010752688172043012,0.015151515151515152,0.0,0.0,6.909039640426635,6.892550201826199,6.909861167271932,6.921502374467397,6.914654892760438,0.0,0.0,0.0,0.0,0.0,0.0,0.0,0.0,0.0,0.0,6.804886817932129,6.816775984234279,6.823483049869537,6.8060531249413145,6.7739033699035645,0.3953755927828543,147.58945070139205
43232,1350,0.0,0.0,0.0,0.0,0.0,0.0125,0.022988505747126436,0.025,0.0,0.0,6.9009637355804445,6.905378643123584,6.902549362182616,6.89561174285244,6.899366675353632,0.0,0.0,0.0,0.0,0.0,0.0,0.0,0.0,0.0,0.0,6.823821067810059,6.835548400878906,6.8441667556762695,6.8213321535210865,6.798669730915743,0.38730688407968256,147.59277604997052
43552,1360,0.0,0.0,0.0,0.0,0.0,0.00625,0.010309278350515462,0.0,0.0,0.012820512820512818,6.903761672973633,6.916397610890494,6.894841728983698,6.902591362805432,6.897575488457312,0.0,0.0,0.0,0.0,0.0,0.0,0.0,0.0,0.0,0.0,6.863526821136475,6.873118877410889,6.871252655982971,6.857131654565984,6.85368115561349,0.4193725672926504,147.59627735123797
43872,1370,0.0,0.0,0.0,0.0,0.0,0.0125,0.015384615384615385,0.023255813953488372,0.013698630136986299,0.0,6.910426282882691,6.909716107295111,6.9042109944099606,6.920444926170455,6.908856332302091,0.0,0.0,0.0,0.0,0.0,0.0,0.0,0.0,0.0,0.0,6.893353462219238,6.899486609867641,6.895757241682574,6.897280305624008,6.87655508518219,0.46637142664745923,147.59909466204192
44192,1380,0.003125,0.0,0.012658227848101266,0.0,0.0,0.009375000000000001,0.012048192771084338,0.012658227848101266,0.0,0.0125,6.910447263717652,6.928263319544044,6.900854020179073,6.915854001656555,6.896164709329607,0.0,0.0,0.0,0.0,0.0,0.0,0.0,0.0,0.0,0.0,6.888739585876465,6.904472799862133,6.882915973663332,6.8864261945088705,6.8798228581746415,0.5160278915926914,147.60012792576057
44512,1390,0.0,0.0,0.0,0.0,0.0,0.00625,0.015151515151515152,0.0,0.010869565217391304,0.0,6.905592918395995,6.898545611988417,6.895496958494189,6.913447825805,6.91230206373261,0.0,0.0,0.0,0.0,0.0,0.0,0.0,0.0,0.0,0.0,6.871452569961548,6.89014247747568,6.876731236775717,6.86638874166152,6.863276348114014,0.46770024228556806,147.59804155971733
44832,1400,0.0,0.0,0.0,0.0,0.0,0.003125,0.0,0.0119047619047619,0.0,0.0,6.912351989746093,6.904052418928879,6.908341839199976,6.9186159551960165,6.916628258568901,0.0,0.0,0.0,0.0,0.0,0.0,0.0,0.0,0.0,0.0,6.8512585163116455,6.8595733880996725,6.852268344477603,6.8396358489990225,6.850143098831176,0.48150237849309935,147.59736379968493
45152,1410,0.0,0.0,0.0,0.0,0.0,0.003125,0.012987012987012984,0.0,0.0,0.0,6.914426374435425,6.896801081570709,6.916973302652547,6.912588081861804,6.931072636654503,0.0,0.0,0.0,0.0,0.0,0.0,0.0,0.0,0.0,0.0,6.843525409698486,6.859727128346761,6.846871399879456,6.831621903639571,6.833825707435606,0.47282889749349283,147.59656301289183
45472,1420,0.0,0.0,0.0,0.0,0.0,0.0,0.0,0.0,0.0,0.0,6.9125189781188965,6.909476920349955,6.908092948827851,6.926887871467906,6.907425437254061,0.0,0.0,0.0,0.0,0.0,0.0,0.0,0.0,0.0,0.0,6.84995698928833,6.86495058160079,6.850008964538574,6.842649132013321,6.836973923903245,0.44374446759880626,147.59612709960453
45792,1430,0.0,0.0,0.0,0.0,0.0,0.003125,0.0,0.0,0.01333333333333333,0.0,6.903365039825439,6.903928843940175,6.889710563421249,6.919226544698076,6.901635790445723,0.0,0.0,0.0,0.0,0.0,0.0,0.0,0.0,0.0,0.0,6.86202597618103,6.880970694802024,6.874034847531999,6.855632993910048,6.849576109931583,0.4415408903235035,147.59625907143555
46112,1440,0.0,0.0,0.0,0.0,0.0,0.003125,0.0,0.0125,0.0,0.0,6.909792375564575,6.912328635176569,6.90460231304169,6.922144967156488,6.902437092155539,0.0,0.0,0.0,0.0,0.0,0.0,0.0,0.0,0.0,0.0,6.876206159591675,6.883566904067991,6.871935732224408,6.878595542907714,6.867002924283345,0.4676541418572935,147.59637733418268
46432,1450,0.0,0.0,0.0,0.0,0.0,0.0,0.0,0.0,0.0,0.0,6.919936561584473,6.917805601755778,6.9357767055432,6.905914631518688,6.918474123395723,0.0,0.0,0.0,0.0,0.0,0.0,0.0,0.0,0.0,0.0,6.873021364212036,6.881699085235596,6.885169618269976,6.867899442973892,6.849682677875867,0.42607417106763146,147.5958188158889
46752,1460,0.0,0.0,0.0,0.0,0.0,0.00625,0.0,0.010752688172043012,0.0,0.012658227848101262,6.907281446456909,6.921219390371572,6.899579796739808,6.8865922553629835,6.924863616122478,0.0,0.0,0.0,0.0,0.0,0.0,0.0,0.0,0.0,0.0,6.866148233413696,6.877630534924959,6.856363534927368,6.870619350009494,6.860274155934651,0.4111495505865457,147.59466012216353
47072,1470,0.0,0.0,0.0,0.0,0.0,0.009375000000000001,0.014084507042253518,0.0,0.011627906976744182,0.011111111111111112,6.916742563247681,6.9187502323741645,6.923886050916698,6.919363726017089,6.906859927707247,0.0,0.0,0.0,0.0,0.0,0.0,0.0,0.0,0.0,0.0,6.8737123012542725,6.88594114780426,6.879685766556682,6.878845834732055,6.850314044952394,0.42281636691617197,147.59307434949335
47392,1480,0.0,0.0,0.0,0.0,0.0,0.009375,0.02499999999999999,0.0,0.013698630136986299,0.0,6.91383728981018,6.900724077224731,6.919907350289196,6.908648719526314,6.924458488003241,0.0,0.0,0.0,0.0,0.0,0.0,0.0,0.0,0.0,0.0,6.891902208328247,6.9093208767118925,6.898540318012238,6.892757109233311,6.8546749628507175,0.4115923061838811,147.5919357587788
47712,1490,0.0,0.0,0.0,0.0,0.0,0.003125,0.0,0.01333333333333333,0.0,0.0,6.901683902740478,6.897083582196913,6.899818286895753,6.905969695611435,6.902658829743837,0.0,0.0,0.0,0.0,0.0,0.0,0.0,0.0,0.0,0.0,6.902751684188843,6.913093980153402,6.9101598262786865,6.8960924650493425,6.8892557621002215,0.396900675202621,147.59113684780237
48032,1500,0.003125,0.010309278350515462,0.0,0.0,0.0,0.00625,0.020618556701030927,0.0,0.0,0.0,6.911095285415649,6.902606502021714,6.917546914174008,6.912656645621023,6.913786658321518,0.0,0.0,0.0,0.0,0.0,0.0,0.0,0.0,0.0,0.0,6.919708490371704,6.929262359937032,6.935561895370486,6.914274772008261,6.892838090658187,0.39350738488503945,147.5897035451409
48352,1510,0.0,0.0,0.0,0.0,0.0,0.00625,0.0,0.011627906976744186,0.0136986301369863,0.0,6.916653585433959,6.9260146316440645,6.91523184332737,6.905966497447392,6.917842710340344,0.0,0.0,0.0,0.0,0.0,0.0,0.0,0.0,0.0,0.0,6.921148300170898,6.936723391215007,6.921087145805359,6.932477499309338,6.902032579694476,0.3834419131139027,147.58773785774045
48672,1520,0.00625,0.0,0.0,0.025316455696202524,0.0,0.009375,0.0,0.01282051282051282,0.025316455696202524,0.0,6.9154579639434814,6.927130873063026,6.9215065332559425,6.895744064186193,6.916655876697639,0.0,0.0,0.0,0.0,0.0,0.0,0.0,0.0,0.0,0.0,6.943197250366211,6.956421311696371,6.9591654476366545,6.937898299273324,6.911530641409067,0.38944948244400995,147.5857647320759
48992,1530,0.0,0.0,0.0,0.0,0.0,0.003125,0.0,0.0,0.0,0.012987012987012984,6.901991176605224,6.89864958416332,6.91289744621668,6.8928733738985954,6.903879778725762,0.0,0.0,0.0,0.0,0.0,0.0,0.0,0.0,0.0,0.0,6.954828500747681,6.9743742412991,6.964957284927369,6.94557627509622,6.939259052276612,0.38657078855052995,147.58490742281418
49312,1540,0.0,0.0,0.0,0.0,0.0,0.009375,0.012345679012345678,0.0,0.02247191011235955,0.0,6.908524227142334,6.904328781881452,6.924092286970558,6.914150832744129,6.887383439961603,0.0,0.0,0.0,0.0,0.0,0.0,0.0,0.0,0.0,0.0,6.977198839187622,6.999171257019043,6.972600460052489,6.979970182691302,6.95797497034073,0.3864638465317558,147.5848578213899
49632,1550,0.0,0.0,0.0,0.0,0.0,0.003125,0.0,0.0,0.014492753623188406,0.0,6.90791826248169,6.92024038614852,6.909099591744914,6.906847483869909,6.89530245282433,0.0,0.0,0.0,0.0,0.0,0.0,0.0,0.0,0.0,0.0,6.976772785186768,7.005146090189616,6.9846431016922,6.979034287588937,6.946078300476074,0.37448047594118133,147.58525150235084
49952,1560,0.0,0.0,0.0,0.0,0.0,0.00625,0.0,0.01351351351351351,0.013157894736842103,0.0,6.902725076675416,6.8959894180297825,6.895770124486974,6.917150673113368,6.902695962360927,0.0,0.0,0.0,0.0,0.0,0.0,0.0,0.0,0.0,0.0,6.98670768737793,7.015649477640788,6.9818459086947975,6.992427794138591,6.959681034088135,0.3820583780224678,147.58431958601386
50272,1570,0.0,0.0,0.0,0.0,0.0,0.00625,0.011764705882352938,0.0,0.010526315789473682,0.0,6.912059879302978,6.9064318656921415,6.92072117328644,6.9088107360036775,6.914463134372936,0.0,0.0,0.0,0.0,0.0,0.0,0.0,0.0,0.0,0.0,6.994165420532227,7.0287120819091795,6.992236320789043,6.991406412685619,6.970680236816406,0.38752355678660266,147.5819886938462
50592,1580,0.003125,0.0,0.0,0.0,0.012499999999999995,0.003125,0.0,0.0,0.0,0.012499999999999995,6.913003730773926,6.925641042214852,6.901491138670179,6.9132469221093205,6.910305124521254,0.0,0.0,0.0,0.0,0.0,0.0,0.0,0.0,0.0,0.0,6.999279975891113,7.031034045749239,6.999282866716385,6.987687677145004,6.971697364534651,0.40723986525601696,147.5787893624036
50912,1590,0.003125,0.0,0.0,0.0,0.012820512820512818,0.003125,0.0,0.0,0.0,0.012820512820512818,6.906155061721801,6.903932506387886,6.902028481165564,6.904116685049875,6.914935735555796,0.0,0.0,0.0,0.0,0.0,0.0,0.0,0.0,0.0,0.0,6.998240232467651,7.025956530320017,6.9996200289045065,6.981514673966628,6.96749851920388,0.4285199169484839,147.57592990618437
51232,1600,0.003125,0.0,0.012658227848101266,0.0,0.0,0.003125,0.0,0.012658227848101266,0.0,0.0,6.911746501922607,6.918886867570289,6.908740230753451,6.909915275788042,6.909240581619909,0.0,0.0,0.0,0.0,0.0,0.0,0.0,0.0,0.0,0.0,6.983251333236694,6.999412192238702,6.995336132049561,6.949464738368988,6.958426035367525,0.4063074981812912,147.57340295960353
51552,1610,0.0,0.0,0.0,0.0,0.0,0.0,0.0,0.0,0.0,0.0,6.910693788528444,6.912728562767126,6.902898775903799,6.9114386276765325,6.915521628061935,0.0,0.0,0.0,0.0,0.0,0.0,0.0,0.0,0.0,0.0,6.97068452835083,6.995632143581615,6.974994442679665,6.957769536972048,6.957358628511429,0.41696927385418414,147.5710695820677
51872,1620,0.0,0.0,0.0,0.0,0.0,0.003125,0.0,0.011494252873563215,0.0,0.0,6.911297273635863,6.908506315807965,6.908792468323105,6.9041510568538165,6.923999246798063,0.0,0.0,0.0,0.0,0.0,0.0,0.0,0.0,0.0,0.0,6.928203344345093,6.936187971205939,6.9418631962367465,6.926602244377138,6.913748174905777,0.39103796430591786,147.56913329775773
52192,1630,0.0,0.0,0.0,0.0,0.0,0.003125,0.0,0.0,0.011904761904761904,0.0,6.9124864578247065,6.9085579537726085,6.906648740663633,6.908938862028579,6.929129467290988,0.0,0.0,0.0,0.0,0.0,0.0,0.0,0.0,0.0,0.0,6.907157897949219,6.9259772300720215,6.930230438709259,6.898428131552304,6.881302197774252,0.39611098107493975,147.5679904885257
52512,1640,0.0,0.0,0.0,0.0,0.0,0.003125,0.0,0.0,0.011494252873563215,0.0,6.912068557739258,6.913895492312268,6.911296051668834,6.916137404825499,6.9059532931153225,0.0,0.0,0.0,0.0,0.0,0.0,0.0,0.0,0.0,0.0,6.8985276222229,6.91192455291748,6.906634773526872,6.893482758448674,6.879947297713337,0.40979273486340784,147.56651772611656
52832,1650,0.0,0.0,0.0,0.0,0.0,0.00625,0.0,0.011627906976744182,0.0,0.012195121951219507,6.912406110763549,6.910426771485963,6.916891170102496,6.906972344716389,6.914530277252199,0.0,0.0,0.0,0.0,0.0,0.0,0.0,0.0,0.0,0.0,6.8994140625,6.900878270467122,6.928178422591266,6.892093896865845,6.874800026416779,0.4515854633532005,147.56525765712001
53152,1660,0.0,0.0,0.0,0.0,0.0,0.003125,0.0,0.0,0.011627906976744182,0.0,6.910142040252685,6.9110232666134825,6.911297684366056,6.918049590532171,6.899920690350416,0.0,0.0,0.0,0.0,0.0,0.0,0.0,0.0,0.0,0.0,6.925482988357544,6.960356771945953,6.931985749138726,6.912944984436035,6.893019517262777,0.4450506836305891,147.56388695566477
53472,1670,0.0,0.0,0.0,0.0,0.0,0.012500000000000006,0.02985074626865671,0.0,0.022471910112359546,0.0,6.905675411224364,6.9090214914350385,6.902605870190791,6.898020840762704,6.914764011962506,0.0,0.0,0.0,0.0,0.0,0.0,0.0,0.0,0.0,0.0,6.934588432312012,6.967894911766052,6.936120913578914,6.929771218981062,6.916896528667875,0.41714105521470185,147.56219808039583
53792,1680,0.0,0.0,0.0,0.0,0.0,0.003125,0.0,0.0,0.011627906976744186,0.0,6.912742805480957,6.91185070918157,6.914857184749907,6.909900033196735,6.914627828459808,0.0,0.0,0.0,0.0,0.0,0.0,0.0,0.0,0.0,0.0,6.946455240249634,6.955881373087565,6.952523932737463,6.94388026661343,6.932297842843191,0.4143514272527915,147.55904618560754
54112,1690,0.0,0.0,0.0,0.0,0.0,0.009375,0.013333333333333334,0.0,0.012820512820512818,0.011764705882352938,6.913737583160399,6.914738953908287,6.921643268771287,6.909632536081168,6.9089945680954905,0.0,0.0,0.0,0.0,0.0,0.0,0.0,0.0,0.0,0.0,6.949240684509277,6.958281667608964,6.949787348508835,6.952151628640982,6.935592025518417,0.4252983958544212,147.55645424381578
54432,1700,0.0,0.0,0.0,0.0,0.0,0.00625,0.0,0.012987012987012984,0.012345679012345675,0.0,6.912392473220824,6.91796753803889,6.90794085217761,6.895681840402107,6.926780552334253,0.0,0.0,0.0,0.0,0.0,0.0,0.0,0.0,0.0,0.0,6.94713830947876,6.946564674377442,6.960497800041649,6.954605306897845,6.9270195960998535,0.41964702709707813,147.55445426113263
54752,1710,0.0,0.0,0.0,0.0,0.0,0.0,0.0,0.0,0.0,0.0,6.916990709304809,6.916962233922814,6.925371399844985,6.921657992191002,6.905211511864719,0.0,0.0,0.0,0.0,0.0,0.0,0.0,0.0,0.0,0.0,6.950952529907227,6.966388182206586,6.960022245134627,6.96393887201945,6.925147938728332,0.4048817815115539,147.55268038474293
55072,1720,0.0,0.0,0.0,0.0,0.0,0.0,0.0,0.0,0.0,0.0,6.911380195617676,6.912161700696829,6.916747871198151,6.910199224948886,6.9063270712552,0.0,0.0,0.0,0.0,0.0,0.0,0.0,0.0,0.0,0.0,6.964638710021973,6.976999378204345,6.964244842529297,6.957727146148682,6.956757740540937,0.3844347428075616,147.55204418323805
55392,1730,0.0,0.0,0.0,0.0,0.0,0.00625,0.0,0.0,0.0,0.020833333333333332,6.905063629150391,6.905782488327992,6.9114999590040735,6.908159530524053,6.897047196825346,0.0,0.0,0.0,0.0,0.0,0.0,0.0,0.0,0.0,0.0,6.9714860916137695,6.97647622426351,6.973545265197754,6.971088618040085,6.963048678178053,0.37680740296973847,147.5514690946394
55712,1740,0.003125,0.0,0.0,0.0,0.011627906976744182,0.003125,0.0,0.0,0.0,0.011627906976744182,6.906925916671753,6.9098324413541,6.9055262523538925,6.906622031639364,6.905670387800349,0.0,0.0,0.0,0.0,0.0,0.0,0.0,0.0,0.0,0.0,6.9765448570251465,6.986913561820984,6.97966324488322,6.971211489509133,6.974917292594909,0.3746184972566052,147.5514511295528
56032,1750,0.003125,0.0,0.0,0.0,0.012345679012345675,0.00625,0.0,0.0,0.0,0.02469135802469135,6.909160041809082,6.9089188938555495,6.8971911271413155,6.925400616210183,6.902945642118099,0.0,0.0,0.0,0.0,0.0,0.0,0.0,0.0,0.0,0.0,6.977491140365601,6.991548265729633,6.969693220578708,6.9754100084304795,6.974327087402344,0.3657360003132697,147.55091565077998
56352,1760,0.0,0.0,0.0,0.0,0.0,0.00625,0.010989010989010986,0.011363636363636364,0.0,0.0,6.899565362930299,6.886591083400853,6.900583343072372,6.911666589240505,6.902619691456067,0.0,0.0,0.0,0.0,0.0,0.0,0.0,0.0,0.0,0.0,6.976027727127075,6.987376940877814,6.976890908347235,6.96159787972768,6.97216002146403,0.37641582684223057,147.55032383760798
56672,1770,0.003125,0.0,0.0,0.0,0.010989010989010986,0.009375000000000003,0.0,0.01351351351351351,0.012658227848101262,0.010989010989010986,6.909043264389038,6.917173887553968,6.902825780816983,6.902556473695779,6.912940229688371,0.0,0.0,0.0,0.0,0.0,0.0,0.0,0.0,0.0,0.0,6.979869604110718,6.991648056927849,6.9952999750773115,6.969819068908691,6.967232960921067,0.38228370201316475,147.5479985782905
56992,1780,0.0,0.0,0.0,0.0,0.0,0.003125,0.0,0.0,0.0,0.01333333333333333,6.907184839248657,6.913506199331846,6.927939185848485,6.8974684117788305,6.889465300242107,0.0,0.0,0.0,0.0,0.0,0.0,0.0,0.0,0.0,0.0,6.9910359382629395,7.002752198113336,6.979359997643365,6.988083720207215,6.988285148844999,0.3840748911539613,147.5438634187709
57312,1790,0.003125,0.0,0.015384615384615382,0.0,0.0,0.009375,0.011494252873563218,0.015384615384615382,0.012345679012345678,0.0,6.910652923583985,6.911521752675376,6.905820259681114,6.912668239923171,6.911518458662363,0.0,0.0,0.0,0.0,0.0,0.0,0.0,0.0,0.0,0.0,6.9914000034332275,7.004099412397906,6.991595719989977,6.987692165374756,6.972475271958571,0.40376151565615437,147.5393818135785
57632,1800,0.003125,0.0,0.012987012987012984,0.0,0.0,0.003125,0.0,0.012987012987012984,0.0,0.0,6.917904996871949,6.921638462278573,6.911141680432605,6.9191413583426655,6.919624232110526,0.0,0.0,0.0,0.0,0.0,0.0,0.0,0.0,0.0,0.0,7.0023486614227295,7.01150790382834,6.992565409342448,7.009913218648809,6.99060348364023,0.40504089934405496,147.5357218970277
57952,1810,0.0,0.0,0.0,0.0,0.0,0.003125,0.0,0.0,0.009345794392523362,0.0,6.913978385925294,6.921399740525235,6.931267588885866,6.900634181833713,6.908876081613393,0.0,0.0,0.0,0.0,0.0,0.0,0.0,0.0,0.0,0.0,7.005850791931152,7.010874875386557,7.011250178019204,7.001479600605212,7.000963370005289,0.397979392087773,147.53307301807644
58272,1820,0.0,0.0,0.0,0.0,0.0,0.00625,0.0,0.02702702702702703,0.0,0.0,6.90747184753418,6.913346000864533,6.906761079221159,6.904195731878279,6.905755043029782,0.0,0.0,0.0,0.0,0.0,0.0,0.0,0.0,0.0,0.0,7.015981912612915,7.029132184528169,7.006066012382508,7.013509533622048,7.011761625607808,0.40168289270338986,147.53082532583423
58592,1830,0.003125,0.0,0.0,0.012499999999999995,0.0,0.003125,0.0,0.0,0.012499999999999995,0.0,6.904667186737061,6.89467895483669,6.9035150631364575,6.912242388725282,6.908240532263734,0.0,0.0,0.0,0.0,0.0,0.0,0.0,0.0,0.0,0.0,7.019801616668701,7.022758036851882,7.033466378847757,7.012669748730131,7.015196190940009,0.408386197549396,147.52817651583018
58912,1840,0.0,0.0,0.0,0.0,0.0,0.009375000000000001,0.0,0.0,0.0,0.041666666666666664,6.914025115966797,6.916414205418077,6.908356392383573,6.91979626911442,6.910897155602769,0.0,0.0,0.0,0.0,0.0,0.0,0.0,0.0,0.0,0.0,7.007551193237305,7.003103224436442,7.014435589313508,7.004534435272217,7.007653448316785,0.42030063130799206,147.5244703690396
59232,1850,0.0,0.0,0.0,0.0,0.0,0.0,0.0,0.0,0.0,0.0,6.910860919952393,6.920496287169279,6.8899986313050015,6.928661642195303,6.904950049016384,0.0,0.0,0.0,0.0,0.0,0.0,0.0,0.0,0.0,0.0,7.005947589874268,7.01870129108429,7.005481179555257,7.0030055887558875,6.989443302154542,0.43110431980662745,147.5202966832031
59552,1860,0.0,0.0,0.0,0.0,0.0,0.009375,0.011363636363636364,0.013333333333333334,0.013698630136986299,0.0,6.908443498611451,6.912170886993406,6.908216953277589,6.913415523424538,6.9004197404498155,0.0,0.0,0.0,0.0,0.0,0.0,0.0,0.0,0.0,0.0,7.001547813415527,7.013090027703179,6.996286839246749,7.0005658694676,6.990109443664551,0.43968125603272235,147.51664185858846
59872,1870,0.0,0.0,0.0,0.0,0.0,0.003125,0.0,0.01351351351351351,0.0,0.0,6.906203031539917,6.924526035011586,6.917246013074306,6.900464621457185,6.884930751941822,0.0,0.0,0.0,0.0,0.0,0.0,0.0,0.0,0.0,0.0,7.000576496124268,7.008161170142038,7.009003734588625,6.9998420238494905,6.9860487620035805,0.4214982062677729,147.51308021817272
60192,1880,0.0,0.0,0.0,0.0,0.0,0.003125,0.0,0.0,0.012048192771084338,0.0,6.9118620395660395,6.916291054557355,6.910767172658161,6.915710213672687,6.905519410788293,0.0,0.0,0.0,0.0,0.0,0.0,0.0,0.0,0.0,0.0,7.002340078353882,7.015099644660951,7.007423082987468,7.004049253463745,6.977823734283447,0.4226917814277372,147.50941338139512
60512,1890,0.0,0.0,0.0,0.0,0.0,0.0,0.0,0.0,0.0,0.0,6.915709495544434,6.922559312184654,6.9116362512111635,6.91532144763253,6.913713040289941,0.0,0.0,0.0,0.0,0.0,0.0,0.0,0.0,0.0,0.0,6.985431671142578,6.995322924393874,6.992555797100067,6.982321659723917,6.970051050186156,0.4241424333977691,147.50637792501755
60832,1900,0.0,0.0,0.0,0.0,0.0,0.003125,0.0,0.010752688172043012,0.0,0.0,6.914035797119141,6.902805629898522,6.917786593078285,6.918206902912686,6.915415972806096,0.0,0.0,0.0,0.0,0.0,0.0,0.0,0.0,0.0,0.0,6.961759805679321,6.974760605738713,6.970636118026007,6.9572331110636405,6.945032172732883,0.41124043324706794,147.5043779243794
61152,1910,0.003125,0.0,0.0,0.012987012987012984,0.0,0.003125,0.0,0.0,0.012987012987012984,0.0,6.913582897186278,6.915618867759246,6.908208126371557,6.907509283585983,6.924300412336984,0.0,0.0,0.0,0.0,0.0,0.0,0.0,0.0,0.0,0.0,6.944224834442139,6.954739069938659,6.947089831034342,6.94017816992367,6.932500362396241,0.3800049876447881,147.50367726021597
61472,1920,0.003125,0.0,0.0,0.0,0.012345679012345675,0.00625,0.0,0.012345679012345675,0.0,0.012345679012345675,6.917837858200073,6.913308912165024,6.926790237426758,6.908289001412584,6.92224352448075,0.0,0.0,0.0,0.0,0.0,0.0,0.0,0.0,0.0,0.0,6.925832509994507,6.954284286499021,6.9271365165710455,6.9253024578094475,6.894708769662041,0.38129985124525034,147.50312869477713
61792,1930,0.003125,0.0,0.0,0.012658227848101262,0.0,0.003125,0.0,0.0,0.012658227848101262,0.0,6.917216014862061,6.927770132368262,6.91230031967163,6.911977792087991,6.915340790381797,0.0,0.0,0.0,0.0,0.0,0.0,0.0,0.0,0.0,0.0,6.904668092727661,6.929472079643836,6.904892444610597,6.9098233580589286,6.877374076843261,0.35831979887981724,147.5034415457947
62112,1940,0.003125,0.014285714285714285,0.0,0.0,0.0,0.009375000000000001,0.014285714285714285,0.012820512820512818,0.011627906976744186,0.0,6.906533813476562,6.910605124064854,6.897783633990164,6.902665371118587,6.915024785108346,0.0,0.0,0.0,0.0,0.0,0.0,0.0,0.0,0.0,0.0,6.872233629226685,6.892788092295328,6.891380488872528,6.859635998221005,6.8366809624892015,0.34641157916595683,147.50461569688832
62432,1950,0.0,0.0,0.0,0.0,0.0,0.003125,0.0,0.011111111111111112,0.0,0.0,6.911986351013184,6.909861628214516,6.903214073181151,6.924342570766326,6.913952104506954,0.0,0.0,0.0,0.0,0.0,0.0,0.0,0.0,0.0,0.0,6.849779367446899,6.858394050598145,6.860741790972257,6.842538261413575,6.83452091217041,0.34852547755148583,147.50676393213257
62752,1960,0.0,0.0,0.0,0.0,0.0,0.0,0.0,0.0,0.0,0.0,6.9054542064666755,6.913218988312615,6.90380015318421,6.900887304193837,6.905099304098829,0.0,0.0,0.0,0.0,0.0,0.0,0.0,0.0,0.0,0.0,6.82569694519043,6.849238038063049,6.850574350357055,6.826335317948285,6.795397758483886,0.37794263099137987,147.50948442071072
63072,1970,0.0,0.0,0.0,0.0,0.0,0.0,0.0,0.0,0.0,0.0,6.91731972694397,6.910088029626298,6.919226217269899,6.917327315536972,6.9232466061909985,0.0,0.0,0.0,0.0,0.0,0.0,0.0,0.0,0.0,0.0,6.822990417480469,6.832861507640166,6.853728810946148,6.827603843477037,6.7865361325881075,0.39363515529249116,147.51180958741918
63392,1980,0.0,0.0,0.0,0.0,0.0,0.003125,0.0,0.0,0.0,0.012048192771084333,6.907885265350341,6.918658657771786,6.909797444488062,6.916182260834769,6.886824366558031,0.0,0.0,0.0,0.0,0.0,0.0,0.0,0.0,0.0,0.0,6.843611240386963,6.851145654916763,6.85702600479126,6.842034476143973,6.827837969127454,0.37942038610936507,147.5130066347607
63712,1990,0.0,0.0,0.0,0.0,0.0,0.0,0.0,0.0,0.0,0.0,6.904718589782715,6.914882794404641,6.902997326850892,6.910690230292244,6.892252531918611,0.0,0.0,0.0,0.0,0.0,0.0,0.0,0.0,0.0,0.0,6.854604244232178,6.86940939286176,6.861679722281064,6.852209091186523,6.82719906171163,0.3686080021755552,147.51275851697392
64032,2000,0.003125,0.0,0.012987012987012984,0.0,0.0,0.003125,0.0,0.012987012987012984,0.0,0.0,6.907862377166748,6.9190170927481205,6.903547844329436,6.894711775952079,6.914002305931517,0.0,0.0,0.0,0.0,0.0,0.0,0.0,0.0,0.0,0.0,6.845159530639648,6.861769066916572,6.84612774848938,6.841856877009072,6.823908090591431,0.37424703897442124,147.51207964596588
64352,2010,0.0,0.0,0.0,0.0,0.0,0.00625,0.0,0.0,0.0099009900990099,0.013888888888888886,6.910515022277832,6.9057777166366545,6.918117943094736,6.907469414248329,6.912976278199092,0.0,0.0,0.0,0.0,0.0,0.0,0.0,0.0,0.0,0.0,6.851123571395874,6.863983541727066,6.881241966696346,6.842197669179817,6.8054420948028564,0.4068928213772147,147.5115476756431
64672,2020,0.0,0.0,0.0,0.0,0.0,0.003125,0.0,0.0,0.0,0.012820512820512818,6.915804290771485,6.910744643211365,6.90466953694135,6.917923774719237,6.931375448520371,0.0,0.0,0.0,0.0,0.0,0.0,0.0,0.0,0.0,0.0,6.8678038120269775,6.897714710235595,6.878253585413883,6.864051127433777,6.839629840850829,0.39134952903890785,147.51110486209922
64992,2030,0.0,0.0,0.0,0.0,0.0,0.0,0.0,0.0,0.0,0.0,6.915398073196412,6.902863190968828,6.926649308540455,6.91996036929849,6.912943378571541,0.0,0.0,0.0,0.0,0.0,0.0,0.0,0.0,0.0,0.0,6.865365505218506,6.893214269117876,6.874647855758667,6.864490985870362,6.843365716934204,0.40063545765592923,147.51080788352388
65312,2040,0.003125,0.012658227848101262,0.0,0.0,0.0,0.0125,0.025316455696202524,0.0136986301369863,0.0,0.01282051282051282,6.899849843978882,6.883799703815313,6.893093285495287,6.907100507948133,6.9140631235562875,0.0,0.0,0.0,0.0,0.0,0.0,0.0,0.0,0.0,0.0,6.868820667266846,6.885837422476874,6.872092664241791,6.866306006908418,6.846076556614468,0.4195607520672188,147.50987636956086
65632,2050,0.003125,0.0,0.0,0.011111111111111108,0.0,0.00625,0.0,0.0,0.011111111111111108,0.01351351351351351,6.9176626205444345,6.93499282737831,6.91493301753756,6.910935460196603,6.910725516241952,0.0,0.0,0.0,0.0,0.0,0.0,0.0,0.0,0.0,0.0,6.896008014678955,6.916050016880035,6.907556831836701,6.902692278226216,6.866723918914794,0.4265585915515601,147.50867193360745
65952,2060,0.0,0.0,0.0,0.0,0.0,0.0,0.0,0.0,0.0,0.0,6.917386054992677,6.914491420984268,6.906659277179576,6.924544775485994,6.923636471783672,0.0,0.0,0.0,0.0,0.0,0.0,0.0,0.0,0.0,0.0,6.929758548736572,6.952455155989703,6.946929216384888,6.925853824615478,6.904229640960693,0.4197505960341475,147.5087475502281
66272,2070,0.0,0.0,0.0,0.0,0.0,0.009375,0.012048192771084338,0.02531645569620253,0.0,0.0,6.906273841857912,6.901956747813402,6.900934454760975,6.913893338612146,6.909077698534187,0.0,0.0,0.0,0.0,0.0,0.0,0.0,0.0,0.0,0.0,6.961683034896851,6.976355923546686,6.969059569495062,6.953704357147217,6.946699142456055,0.3969819917283878,147.5111167525465
66592,2080,0.00625,0.0,0.0,0.014084507042253518,0.012195121951219507,0.009375000000000003,0.011764705882352938,0.0,0.014084507042253518,0.012195121951219507,6.906800317764282,6.909850917142983,6.8976708737815295,6.915950231149161,6.904845592452258,0.0,0.0,0.0,0.0,0.0,0.0,0.0,0.0,0.0,0.0,6.986423015594482,6.999686495463053,7.003691468920026,6.973635196685789,6.974063992500305,0.3944766658552533,147.51580952867667
66912,2090,0.0,0.0,0.0,0.0,0.0,0.009375000000000001,0.011764705882352938,0.0,0.014705882352941176,0.01136363636363636,6.908981275558472,6.912122232773722,6.908021908772145,6.9065209767397695,6.908710284666582,0.0,0.0,0.0,0.0,0.0,0.0,0.0,0.0,0.0,0.0,7.006521463394165,7.011341521614477,7.016172409057617,6.995847702026367,6.993629217147828,0.39216222620923613,147.52115658325522
67232,2100,0.0,0.0,0.0,0.0,0.0,0.0,0.0,0.0,0.0,0.0,6.909552049636841,6.8965489198995185,6.896826689756365,6.927935853789121,6.918384708856282,0.0,0.0,0.0,0.0,0.0,0.0,0.0,0.0,0.0,0.0,7.020678520202637,7.033110459645589,7.025987704594929,7.018559694290162,7.00896480348375,0.3896676267099912,147.5254746868179
67552,2110,0.0,0.0,0.0,0.0,0.0,0.0125,0.0,0.022727272727272728,0.011235955056179773,0.01351351351351351,6.9154565811157225,6.930416051892266,6.917009288614449,6.899043447515933,6.919401697210364,0.0,0.0,0.0,0.0,0.0,0.0,0.0,0.0,0.0,0.0,7.037018775939941,7.050150394439698,7.047556226903742,7.029888062250047,7.027422259835636,0.4002728933766533,147.5280528040559
67872,2120,0.003125,0.0,0.013157894736842103,0.0,0.0,0.009375,0.0,0.02631578947368421,0.012499999999999995,0.0,6.912902927398681,6.913446028092331,6.910087911706219,6.909656476974488,6.918314293970037,0.0,0.0,0.0,0.0,0.0,0.0,0.0,0.0,0.0,0.0,7.044395446777344,7.050721247990926,7.048186909068714,7.043173849582672,7.032676815986632,0.39090230421651406,147.52870657703065
68192,2130,0.0,0.0,0.0,0.0,0.0,0.00625,0.0,0.0,0.012987012987012988,0.011111111111111108,6.909636640548706,6.913308550802509,6.905580446124079,6.910430103153378,6.908211453755699,0.0,0.0,0.0,0.0,0.0,0.0,0.0,0.0,0.0,0.0,7.04205060005188,7.065293089548747,7.044942481177195,7.0324309012469115,7.029517889022828,0.3943453731689482,147.52896389136185
68512,2140,0.0,0.0,0.0,0.0,0.0,0.00625,0.0,0.012658227848101266,0.014285714285714282,0.0,6.910890054702759,6.906864504481468,6.912756533562388,6.905864374978202,6.917366768332088,0.0,0.0,0.0,0.0,0.0,0.0,0.0,0.0,0.0,0.0,7.057845592498779,7.07047466131357,7.066193759441377,7.054423228554106,7.03959306081136,0.3853556578357924,147.52862893765771
68832,2150,0.0,0.0,0.0,0.0,0.0,0.003125,0.0,0.011235955056179773,0.0,0.0,6.9106830120086675,6.907642857412276,6.909901415364126,6.9172443859819035,6.909140854665673,0.0,0.0,0.0,0.0,0.0,0.0,0.0,0.0,0.0,0.0,7.04984974861145,7.055291652679444,7.065887391567231,7.047777831554413,7.034365679088392,0.386841940230904,147.52927024506556
69152,2160,0.0,0.0,0.0,0.0,0.0,0.00625,0.0,0.0,0.0,0.026315789473684206,6.90797953605652,6.921477118624911,6.9033045636283035,6.909093964484431,6.8970144234205515,0.0,0.0,0.0,0.0,0.0,0.0,0.0,0.0,0.0,0.0,7.044199466705322,7.046846760643853,7.068306042597844,7.0482277274131775,7.028469486236572,0.38247491050407234,147.52994419862853
69472,2170,0.0,0.0,0.0,0.0,0.0,0.0,0.0,0.0,0.0,0.0,6.911184358596802,6.920667648315431,6.906758642815926,6.911398046546513,6.905050065144,0.0,0.0,0.0,0.0,0.0,0.0,0.0,0.0,0.0,0.0,7.063066244125366,7.072664923138087,7.075267748399215,7.055234869321187,7.034129818280538,0.37100149294863466,147.53092740269432
69792,2180,0.0,0.0,0.0,0.0,0.0,0.00625,0.0,0.025974025974025976,0.0,0.0,6.90539894104004,6.889035312752968,6.897631186943548,6.911569417177973,6.922244492330051,0.0,0.0,0.0,0.0,0.0,0.0,0.0,0.0,0.0,0.0,7.07112717628479,7.08724246305578,7.070539217728834,7.067904612597298,7.058684825897215,0.38287139449042473,147.53132129365608
70112,2190,0.003125,0.0,0.012987012987012984,0.0,0.0,0.003125,0.0,0.012987012987012984,0.0,0.0,6.91146149635315,6.90231165071813,6.9003750503837304,6.912043402834635,6.93116051637674,0.0,0.0,0.0,0.0,0.0,0.0,0.0,0.0,0.0,0.0,7.0893120765686035,7.10529416402181,7.098466340233299,7.067919572194417,7.084931597990148,0.38259653345326017,147.52967861594226
70432,2200,0.0,0.0,0.0,0.0,0.0,0.00625,0.01136363636363636,0.0,0.0,0.015151515151515148,6.899568510055541,6.900101764635603,6.895788945934989,6.901496923886811,6.9016180255196335,0.0,0.0,0.0,0.0,0.0,0.0,0.0,0.0,0.0,0.0,7.1044745445251465,7.111167176564535,7.111970000796847,7.101017173967863,7.090340495109558,0.39605374377546104,147.52583862915722
70752,2210,0.00625,0.0,0.011627906976744182,0.012048192771084333,0.0,0.009375000000000001,0.0,0.011627906976744182,0.024096385542168676,0.0,6.907971048355102,6.89942605550899,6.9086238395336075,6.90434986137482,6.923037418952356,0.0,0.0,0.0,0.0,0.0,0.0,0.0,0.0,0.0,0.0,7.123742580413818,7.144066950854133,7.1281389909632065,7.117180138826369,7.101224047797067,0.42222264510353114,147.522400138175
71072,2220,0.0,0.0,0.0,0.0,0.0,0.009375000000000001,0.012987012987012988,0.012499999999999995,0.0,0.013513513513513514,6.905845594406127,6.907288247888735,6.910596740245816,6.899797611022265,6.906481858846303,0.0,0.0,0.0,0.0,0.0,0.0,0.0,0.0,0.0,0.0,7.153756856918335,7.18982407450676,7.149526047706606,7.141061609441584,7.133003066567814,0.45295496852992057,147.51953208800836
71392,2230,0.0,0.0,0.0,0.0,0.0,0.003125,0.0,0.0,0.0,0.011363636363636364,6.912533807754516,6.9145569562912,6.9098451137542725,6.916169746502032,6.9100205464796565,0.0,0.0,0.0,0.0,0.0,0.0,0.0,0.0,0.0,0.0,7.143689393997192,7.162629103660583,7.152916876475016,7.129984180132548,7.122939782984116,0.45589239549744914,147.5166745548853
71712,2240,0.0,0.0,0.0,0.0,0.0,0.003125,0.0,0.012195121951219507,0.0,0.0,6.908602952957153,6.9010263485695,6.8983748191740455,6.918558327548478,6.914512444626201,0.0,0.0,0.0,0.0,0.0,0.0,0.0,0.0,0.0,0.0,7.171462059020996,7.19216509660085,7.188998818397521,7.157702809288388,7.155456066131592,0.4747629929389475,147.5140646705754
72032,2250,0.00625,0.0,0.015624999999999997,0.012345679012345678,0.0,0.009375,0.0,0.031249999999999993,0.012345679012345678,0.0,6.909038209915161,6.917174395392928,6.909574262797834,6.88773904023347,6.920833189193517,0.0,0.0,0.0,0.0,0.0,0.0,0.0,0.0,0.0,0.0,7.195465087890625,7.240060193198067,7.2080837965011595,7.163679489722619,7.168200577006619,0.5098117389444274,147.51091803994132
72352,2260,0.0,0.0,0.0,0.0,0.0,0.0125,0.0,0.011363636363636364,0.025974025974025976,0.012987012987012988,6.907064580917358,6.93475345464853,6.884628805247221,6.902207064938235,6.909514842095312,0.0,0.0,0.0,0.0,0.0,0.0,0.0,0.0,0.0,0.0,7.208505868911743,7.239334026972452,7.237690183851455,7.190979170799254,7.169596058981758,0.5188500554955014,147.5079202077643
72672,2270,0.0,0.0,0.0,0.0,0.0,0.009375000000000001,0.013888888888888886,0.014925373134328358,0.011363636363636364,0.0,6.910236120224,6.881622585985395,6.9133096737648145,6.917515326629988,6.9232860380603425,0.0,0.0,0.0,0.0,0.0,0.0,0.0,0.0,0.0,0.0,7.236970663070679,7.256018389826235,7.225394354926215,7.22325222832816,7.2327842182583275,0.5414518890941284,147.50453770317563
72992,2280,0.0,0.0,0.0,0.0,0.0,0.00625,0.012658227848101262,0.0,0.0,0.012820512820512818,6.9192472934722895,6.916736608819118,6.923732838073334,6.923713900322137,6.912437610137155,0.0,0.0,0.0,0.0,0.0,0.0,0.0,0.0,0.0,0.0,7.212794542312622,7.226523339748383,7.242796868085861,7.199954469998677,7.185513854026794,0.5244622094005773,147.50262631702367
73312,2290,0.0,0.0,0.0,0.0,0.0,0.0,0.0,0.0,0.0,0.0,6.923640012741088,6.917711840119469,6.938567260416543,6.921565741300583,6.916025618712107,0.0,0.0,0.0,0.0,0.0,0.0,0.0,0.0,0.0,0.0,7.1863391399383545,7.2113797378540045,7.200693266732353,7.165951398702768,7.162052781958329,0.5216358104591441,147.50139123835118
73632,2300,0.0,0.0,0.0,0.0,0.0,0.00625,0.013888888888888886,0.0,0.0,0.013157894736842105,6.921768426895142,6.913481268617843,6.922419243252152,6.923761482238774,6.926821802791798,0.0,0.0,0.0,0.0,0.0,0.0,0.0,0.0,0.0,0.0,7.117961883544922,7.128708044687908,7.135759213391472,7.109995982226205,7.096072642008463,0.4501273925926288,147.50191330063768
73952,2310,0.0,0.0,0.0,0.0,0.0,0.0125,0.012048192771084333,0.02666666666666667,0.0,0.014492753623188403,6.907139682769775,6.90651227767209,6.893767948150636,6.925793981039396,6.89728590370952,0.0,0.0,0.0,0.0,0.0,0.0,0.0,0.0,0.0,0.0,7.091804504394531,7.100387180552764,7.114050755133996,7.080804849925794,7.076730728149415,0.41800671474228035,147.50423128373842
74272,2320,0.0,0.0,0.0,0.0,0.0,0.009375,0.013157894736842103,0.0136986301369863,0.012658227848101266,0.0,6.912696266174316,6.909094477954664,6.907184117460904,6.916857453841198,6.916472144748858,0.0,0.0,0.0,0.0,0.0,0.0,0.0,0.0,0.0,0.0,7.07446813583374,7.099227984746297,7.077432564326695,7.076071918010713,7.057910030538384,0.39927756711459617,147.50661262932007
74592,2330,0.0,0.0,0.0,0.0,0.0,0.0,0.0,0.0,0.0,0.0,6.914258623123168,6.913326983981661,6.925891841159145,6.906112154792337,6.914066828690568,0.0,0.0,0.0,0.0,0.0,0.0,0.0,0.0,0.0,0.0,7.064750671386719,7.077233032746749,7.070587158203125,7.052619496981303,7.050310134887695,0.394468505111225,147.5090476770754
74912,2340,0.003125,0.012987012987012984,0.0,0.0,0.0,0.009375000000000003,0.012987012987012984,0.0,0.01333333333333333,0.011764705882352938,6.909241676330566,6.909515616181607,6.916351881371921,6.899050528208414,6.9110428305233205,0.0,0.0,0.0,0.0,0.0,0.0,0.0,0.0,0.0,0.0,7.033231496810913,7.04433380232917,7.0426195951608515,7.038679091135661,7.010808918211195,0.37900141813821736,147.51224017527227
75232,2350,0.00625,0.012499999999999995,0.0,0.0,0.012987012987012984,0.0125,0.012499999999999995,0.010638297872340424,0.014492753623188406,0.012987012987012984,6.908339166641236,6.906128346920013,6.907835513987437,6.907931991245439,6.911615885697402,0.0,0.0,0.0,0.0,0.0,0.0,0.0,0.0,0.0,0.0,7.0328593254089355,7.04598331451416,7.051814742710279,7.022931631873636,6.997468749682109,0.3803993773084353,147.514934237281
75552,2360,0.0,0.0,0.0,0.0,0.0,0.00625,0.0119047619047619,0.0,0.014084507042253518,0.0,6.907681035995483,6.8917588847024085,6.914403420460372,6.909851403303546,6.915265804113342,0.0,0.0,0.0,0.0,0.0,0.0,0.0,0.0,0.0,0.0,7.015162467956543,7.032616406679153,7.019157701068456,7.007870197296143,6.999043623606364,0.3808158322876493,147.51653880724834
75872,2370,0.0,0.0,0.0,0.0,0.0,0.0,0.0,0.0,0.0,0.0,6.90480809211731,6.903926290491575,6.8929965462483125,6.911744316921959,6.909648102599308,0.0,0.0,0.0,0.0,0.0,0.0,0.0,0.0,0.0,0.0,7.013662099838257,7.026005008003927,7.0251694066183905,7.0022797882556915,6.9927864869435625,0.3980720449828935,147.51905057538764
76192,2380,0.0,0.0,0.0,0.0,0.0,0.003125,0.0,0.010989010989010986,0.0,0.0,6.913193082809448,6.923153027892111,6.909950319227278,6.91110378579248,6.911131847736447,0.0,0.0,0.0,0.0,0.0,0.0,0.0,0.0,0.0,0.0,6.9897544384002686,7.003333708819221,7.00751747403826,6.979761305309478,6.967281341552734,0.4439702349701332,147.5207661593026
76512,2390,0.0,0.0,0.0,0.0,0.0,0.003125,0.0,0.0,0.0,0.013888888888888888,6.910147428512574,6.901403862237929,6.90839865400985,6.908660264725383,6.923600978321504,0.0,0.0,0.0,0.0,0.0,0.0,0.0,0.0,0.0,0.0,6.979398965835571,6.9961645126342775,6.9811732292175295,6.977786741758647,6.962902037302653,0.46789204071068546,147.52294306899665
76832,2400,0.0,0.0,0.0,0.0,0.0,0.0,0.0,0.0,0.0,0.0,6.906699895858765,6.899713798573141,6.908299606966688,6.907258648621406,6.910885148889876,0.0,0.0,0.0,0.0,0.0,0.0,0.0,0.0,0.0,0.0,6.960404396057129,6.982959270477295,6.967069653903737,6.955197359386243,6.942589968442917,0.4464075363167266,147.52457510290867
